trade_no,buy_date,buy_price,target,sell_date,sell_price,profit,profit_pct,balance
1,2026-03-02 09:04:00,303600,304600,2026-03-02 09:06:00,304655,1055,0.3475,10001055
2,2026-03-02 09:00:00,304689,305689,2026-03-02 09:08:00,306493,1804,0.5921,10002859
3,2026-03-02 09:13:00,305226,306226,2026-03-02 09:18:00,306388,1162,0.3807,10004021
4,2026-03-02 10:12:00,302826,303826,2026-03-02 10:24:00,303888,1062,0.3507,10005083
5,2026-03-02 10:31:00,302697,303697,2026-03-02 10:41:00,303981,1284,0.4242,10006367
6,2026-03-02 10:07:00,303859,304859,2026-03-02 11:06:00,305071,1212,0.3989,10007579
7,2026-03-02 09:28:00,305302,306302,2026-03-02 11:45:00,306307,1005,0.3292,10008584
8,2026-03-02 09:08:00,306493,307493,2026-03-02 11:57:00,307721,1228,0.4007,10009812
9,2026-03-02 11:57:00,307721,308721,2026-03-02 12:19:00,308944,1223,0.3974,10011035
10,2026-03-02 12:19:00,308944,309944,2026-03-02 12:39:00,310100,1156,0.3742,10012191
11,2026-03-02 12:39:00,310100,311100,2026-03-02 12:46:00,311100,1000,0.3225,10013191
12,2026-03-02 13:47:00,309713,310713,2026-03-02 13:59:00,310800,1087,0.351,10014278
13,2026-03-02 14:26:00,307781,308781,2026-03-02 14:39:00,308797,1016,0.3301,10015294
14,2026-03-02 14:11:00,309504,310504,2026-03-02 16:05:00,310527,1023,0.3305,10016317
15,2026-03-02 16:38:00,309130,310130,2026-03-02 16:46:00,310200,1070,0.3461,10017387
16,2026-03-02 19:14:00,308764,309764,2026-03-02 19:24:00,309922,1158,0.375,10018545
17,2026-03-02 19:55:00,298000,299000,2026-03-02 19:57:00,299838,1838,0.6168,10020383
18,2026-03-02 19:56:00,296086,297086,2026-03-02 19:57:00,299838,3752,1.2672,10024135
19,2026-03-02 19:55:00,298000,300000,2026-03-02 19:58:00,301800,3800,1.2752,10027935
20,2026-03-02 19:55:00,298000,301000,2026-03-02 19:58:00,301800,3800,1.2752,10031735
21,2026-03-02 20:03:00,295719,296719,2026-03-02 20:04:00,296813,1094,0.3699,10032829
22,2026-03-02 20:03:00,295719,297719,2026-03-02 20:05:00,298291,2572,0.8697,10035401
23,2026-03-02 20:01:00,298056,299056,2026-03-02 20:07:00,299985,1929,0.6472,10037330
24,2026-03-02 20:01:00,298056,300056,2026-03-02 20:08:00,300407,2351,0.7888,10039681
25,2026-03-02 19:59:00,300200,301200,2026-03-02 20:10:00,301647,1447,0.482,10041128
26,2026-03-02 19:54:00,301360,302360,2026-03-02 20:12:00,302376,1016,0.3371,10042144
27,2026-03-02 20:16:00,299812,300812,2026-03-02 20:20:00,301012,1200,0.4003,10043344
28,2026-03-02 20:30:00,299261,300261,2026-03-02 20:37:00,301231,1970,0.6583,10045314
29,2026-03-02 20:14:00,301002,302002,2026-03-02 20:38:00,302043,1041,0.3458,10046355
30,2026-03-02 20:47:00,300775,301775,2026-03-02 20:53:00,301936,1161,0.386,10047516
31,2026-03-02 19:54:00,301360,303360,2026-03-02 21:08:00,303373,2013,0.668,10049529
32,2026-03-02 21:31:00,291324,292324,2026-03-02 21:33:00,294600,3276,1.1245,10052805
33,2026-03-02 21:31:00,291324,293324,2026-03-02 21:33:00,294600,3276,1.1245,10056081
34,2026-03-02 21:31:00,291324,294324,2026-03-02 21:33:00,294600,3276,1.1245,10059357
35,2026-03-02 21:30:00,294525,295525,2026-03-02 21:37:00,295536,1011,0.3433,10060368
36,2026-03-02 21:30:00,294525,296525,2026-03-02 21:42:00,296551,2026,0.6879,10062394
37,2026-03-02 21:49:00,294016,295016,2026-03-02 21:55:00,295691,1675,0.5697,10064069
38,2026-03-02 22:05:00,292985,293985,2026-03-02 22:08:00,294864,1879,0.6413,10065948
39,2026-03-02 22:01:00,294508,295508,2026-03-02 22:11:00,295667,1159,0.3935,10067107
40,2026-03-02 22:32:00,291899,292899,2026-03-02 22:35:00,293435,1536,0.5262,10068643
41,2026-03-02 22:26:00,293188,294188,2026-03-02 22:56:00,294865,1677,0.572,10070320
42,2026-03-02 22:13:00,294251,295251,2026-03-02 23:01:00,295499,1248,0.4241,10071568
43,2026-03-02 23:21:00,293210,294210,2026-03-02 23:23:00,294211,1001,0.3414,10072569
44,2026-03-02 23:11:00,294303,295303,2026-03-02 23:49:00,295611,1308,0.4444,10073877
45,2026-03-02 21:45:00,295395,296395,2026-03-02 23:54:00,296419,1024,0.3467,10074901
46,2026-03-03 17:00:00,277365,278365,2026-03-03 17:35:00,279368,2003,0.7222,10076904
47,2026-03-03 17:00:00,277365,279365,2026-03-03 17:35:00,279368,2003,0.7222,10078907
48,2026-03-03 17:00:00,277365,280365,2026-03-03 17:37:00,281414,4049,1.4598,10082956
49,2026-03-03 17:00:00,277365,281365,2026-03-03 17:37:00,281414,4049,1.4598,10087005
50,2026-03-03 17:43:00,280031,281031,2026-03-03 17:44:00,281103,1072,0.3828,10088077
51,2026-03-03 17:00:00,277365,282365,2026-03-03 17:48:00,282885,5520,1.9902,10093597
52,2026-03-03 17:50:00,281597,282597,2026-03-03 17:54:00,283069,1472,0.5227,10095069
53,2026-03-03 17:00:00,277365,283365,2026-03-03 17:57:00,283556,6191,2.2321,10101260
54,2026-03-03 18:01:00,282036,283036,2026-03-03 18:11:00,283152,1116,0.3957,10102376
55,2026-03-03 17:00:00,277365,284365,2026-03-03 18:25:00,284379,7014,2.5288,10109390
56,2026-03-03 18:30:00,282639,283639,2026-03-03 18:31:00,283932,1293,0.4575,10110683
57,2026-03-03 18:40:00,279729,280729,2026-03-03 18:41:00,281257,1528,0.5462,10112211
58,2026-03-03 18:37:00,281086,282086,2026-03-03 18:49:00,282500,1414,0.503,10113625
59,2026-03-03 19:15:00,280653,281653,2026-03-03 19:23:00,281738,1085,0.3866,10114710
60,2026-03-03 20:05:00,278188,279188,2026-03-03 20:07:00,279439,1251,0.4497,10115961
61,2026-03-03 20:15:00,275941,276941,2026-03-03 20:16:00,277301,1360,0.4929,10117321
62,2026-03-03 20:20:00,275749,276749,2026-03-03 20:32:00,276773,1024,0.3714,10118345
63,2026-03-03 20:47:00,275721,276721,2026-03-03 20:49:00,277331,1610,0.5839,10119955
64,2026-03-03 20:11:00,277472,278472,2026-03-03 20:51:00,278500,1028,0.3705,10120983
65,2026-03-03 20:56:00,277480,278480,2026-03-03 21:01:00,278500,1020,0.3676,10122003
66,2026-03-03 20:01:00,279232,280232,2026-03-03 21:21:00,280663,1431,0.5125,10123434
67,2026-03-03 19:56:00,280612,281612,2026-03-03 21:35:00,281879,1267,0.4515,10124701
68,2026-03-03 22:03:00,280829,281829,2026-03-03 22:06:00,281959,1130,0.4024,10125831
69,2026-03-03 22:33:00,278800,279800,2026-03-03 22:39:00,279985,1185,0.425,10127016
70,2026-03-03 22:26:00,279820,280820,2026-03-03 22:44:00,281000,1180,0.4217,10128196
71,2026-03-03 23:24:00,278895,279895,2026-03-03 23:28:00,279930,1035,0.3711,10129231
72,2026-03-03 22:56:00,279961,280961,2026-03-03 23:45:00,281153,1192,0.4258,10130423
73,2026-03-03 22:16:00,280890,281890,2026-03-03 23:52:00,281949,1059,0.377,10131482
74,2026-03-03 18:33:00,282595,283595,2026-03-04 09:00:00,284887,2292,0.8111,10133774
75,2026-03-04 09:04:00,282635,283635,2026-03-04 09:07:00,283868,1233,0.4363,10135007
76,2026-03-03 17:00:00,277365,285365,2026-03-04 09:17:00,285961,8596,3.0992,10143603
77,2026-03-04 09:02:00,283807,284807,2026-03-04 09:17:00,285961,2154,0.759,10145757
78,2026-03-03 17:00:00,277365,286365,2026-03-04 09:18:00,286493,9128,3.291,10154885
79,2026-03-03 17:00:00,277365,287365,2026-03-04 09:21:00,287427,10062,3.6277,10164947
80,2026-03-03 17:00:00,277365,288365,2026-03-04 09:30:00,288886,11521,4.1537,10176468
81,2026-03-04 10:12:00,286019,287019,2026-03-04 10:27:00,287044,1025,0.3584,10177493
82,2026-03-04 11:37:00,284784,285784,2026-03-04 12:03:00,286405,1621,0.5692,10179114
83,2026-03-04 11:30:00,285852,286852,2026-03-04 12:04:00,286953,1101,0.3852,10180215
84,2026-03-04 12:24:00,285869,286869,2026-03-04 12:30:00,286920,1051,0.3677,10181266
85,2026-03-04 13:34:00,285907,286907,2026-03-04 13:46:00,287042,1135,0.397,10182401
86,2026-03-04 09:49:00,287663,288663,2026-03-04 15:23:00,288754,1091,0.3793,10183492
87,2026-03-03 17:00:00,277365,289365,2026-03-04 15:28:00,289500,12135,4.3751,10195627
88,2026-03-03 17:00:00,277365,290365,2026-03-04 15:38:00,290499,13134,4.7353,10208761
89,2026-03-04 16:01:00,287900,288900,2026-03-04 16:21:00,289000,1100,0.3821,10209861
90,2026-03-04 15:45:00,289000,290000,2026-03-04 17:06:00,290177,1177,0.4073,10211038
91,2026-03-04 17:11:00,289151,290151,2026-03-04 17:32:00,290371,1220,0.4219,10212258
92,2026-03-04 18:01:00,286606,287606,2026-03-04 18:06:00,287689,1083,0.3779,10213341
93,2026-03-04 18:10:00,286304,287304,2026-03-04 18:16:00,287355,1051,0.3671,10214392
94,2026-03-04 18:00:00,287909,288909,2026-03-04 18:40:00,289000,1091,0.3789,10215483
95,2026-03-04 18:53:00,286601,287601,2026-03-04 18:56:00,287900,1299,0.4532,10216782
96,2026-03-04 19:29:00,284960,285960,2026-03-04 19:32:00,285974,1014,0.3558,10217796
97,2026-03-04 19:54:00,281602,282602,2026-03-04 19:59:00,282774,1172,0.4162,10218968
98,2026-03-04 19:43:00,283226,284226,2026-03-04 20:03:00,284637,1411,0.4982,10220379
99,2026-03-04 20:26:00,280163,281163,2026-03-04 20:30:00,281184,1021,0.3644,10221400
100,2026-03-04 20:18:00,281796,282796,2026-03-04 20:52:00,282865,1069,0.3794,10222469
101,2026-03-04 21:52:00,281797,282797,2026-03-04 22:11:00,282900,1103,0.3914,10223572
102,2026-03-04 20:10:00,283448,284448,2026-03-05 09:00:00,285038,1590,0.5609,10225162
103,2026-03-04 22:31:00,281865,282865,2026-03-05 09:00:00,285038,3173,1.1257,10228335
104,2026-03-04 23:40:00,280826,281826,2026-03-05 09:00:00,285038,4212,1.4999,10232547
105,2026-03-04 19:41:00,284603,285603,2026-03-05 09:01:00,285764,1161,0.4079,10233708
106,2026-03-05 09:04:00,284657,285657,2026-03-05 09:15:00,285765,1108,0.3892,10234816
107,2026-03-05 10:17:00,283190,284190,2026-03-05 10:29:00,284260,1070,0.3778,10235886
108,2026-03-05 11:29:00,278606,279606,2026-03-05 11:30:00,279894,1288,0.4623,10237174
109,2026-03-05 11:31:00,277897,278897,2026-03-05 11:33:00,279609,1712,0.6161,10238886
110,2026-03-05 11:40:00,274861,275861,2026-03-05 11:42:00,276700,1839,0.6691,10240725
111,2026-03-05 11:38:00,276001,277001,2026-03-05 11:44:00,277421,1420,0.5145,10242145
112,2026-03-05 11:36:00,277034,278034,2026-03-05 11:48:00,278472,1438,0.5191,10243583
113,2026-03-05 12:01:00,276963,277963,2026-03-05 12:09:00,278184,1221,0.4409,10244804
114,2026-03-05 11:35:00,278410,279410,2026-03-05 12:25:00,279984,1574,0.5654,10246378
115,2026-03-05 11:28:00,280142,281142,2026-03-05 12:28:00,281159,1017,0.363,10247395
116,2026-03-05 12:31:00,280139,281139,2026-03-05 13:15:00,281467,1328,0.4741,10248723
117,2026-03-05 13:42:00,278774,279774,2026-03-05 14:11:00,280000,1226,0.4398,10249949
118,2026-03-05 13:36:00,279822,280822,2026-03-05 14:17:00,281000,1178,0.421,10251127
119,2026-03-05 14:20:00,279951,280951,2026-03-05 14:30:00,281002,1051,0.3754,10252178
120,2026-03-05 11:20:00,281555,282555,2026-03-05 14:45:00,282569,1014,0.3601,10253192
121,2026-03-05 15:32:00,280042,281042,2026-03-05 16:24:00,281130,1088,0.3885,10254280
122,2026-03-05 14:56:00,281287,282287,2026-03-05 17:49:00,282530,1243,0.4419,10255523
123,2026-03-05 18:48:00,277093,278093,2026-03-05 18:56:00,278138,1045,0.3771,10256568
124,2026-03-05 19:51:00,276961,277961,2026-03-05 20:04:00,279100,2139,0.7723,10258707
125,2026-03-05 20:08:00,277929,278929,2026-03-05 20:31:00,279352,1423,0.512,10260130
126,2026-03-05 20:38:00,276969,277969,2026-03-05 20:44:00,278037,1068,0.3856,10261198
127,2026-03-05 20:57:00,276695,277695,2026-03-05 21:29:00,277750,1055,0.3813,10262253
128,2026-03-05 21:56:00,275520,276520,2026-03-05 22:06:00,276554,1034,0.3753,10263287
129,2026-03-05 21:40:00,276733,277733,2026-03-05 22:38:00,277992,1259,0.455,10264546
130,2026-03-05 23:01:00,276800,277800,2026-03-05 23:40:00,277999,1199,0.4332,10265745
131,2026-03-05 18:01:00,281455,282455,2026-03-06 09:00:00,282808,1353,0.4807,10267098
132,2026-03-05 18:30:00,279752,280752,2026-03-06 09:00:00,282808,3056,1.0924,10270154
133,2026-03-05 18:34:00,278517,279517,2026-03-06 09:00:00,282808,4291,1.5407,10274445
134,2026-03-05 20:33:00,278317,279317,2026-03-06 09:00:00,282808,4491,1.6136,10278936
135,2026-03-06 09:02:00,281552,282552,2026-03-06 09:16:00,282909,1357,0.482,10280293
136,2026-03-06 11:22:00,279381,280381,2026-03-06 11:37:00,280555,1174,0.4202,10281467
137,2026-03-06 11:00:00,280569,281569,2026-03-06 13:30:00,281869,1300,0.4633,10282767
138,2026-03-06 13:55:00,280426,281426,2026-03-06 14:20:00,281571,1145,0.4083,10283912
139,2026-03-06 15:36:00,276847,277847,2026-03-06 15:47:00,278298,1451,0.5241,10285363
140,2026-03-06 18:31:00,275993,276993,2026-03-06 18:54:00,276999,1006,0.3645,10286369
141,2026-03-06 15:08:00,278283,279283,2026-03-06 19:00:00,279747,1464,0.5261,10287833
142,2026-03-06 17:24:00,277278,278278,2026-03-06 19:00:00,279747,2469,0.8904,10290302
143,2026-03-06 15:05:00,279533,280533,2026-03-06 19:04:00,280720,1187,0.4246,10291489
144,2026-03-06 19:25:00,278244,279244,2026-03-06 20:27:00,279495,1251,0.4496,10292740
145,2026-03-06 14:44:00,280560,281560,2026-03-06 20:31:00,282008,1448,0.5161,10294188
146,2026-03-06 19:07:00,279657,280657,2026-03-06 20:31:00,282008,2351,0.8407,10296539
147,2026-03-06 20:40:00,280870,281870,2026-03-06 20:51:00,282249,1379,0.491,10297918
148,2026-03-06 09:48:00,281896,282896,2026-03-06 20:54:00,283169,1273,0.4516,10299191
149,2026-03-05 11:05:00,283105,284105,2026-03-06 21:02:00,284244,1139,0.4023,10300330
150,2026-03-06 21:20:00,281681,282681,2026-03-06 21:26:00,282823,1142,0.4054,10301472
151,2026-03-06 21:10:00,282835,283835,2026-03-06 21:45:00,283954,1119,0.3956,10302591
152,2026-03-06 22:10:00,281608,282608,2026-03-06 22:16:00,282658,1050,0.3729,10303641
153,2026-03-06 22:26:00,281405,282405,2026-03-06 23:01:00,282507,1102,0.3916,10304743
154,2026-03-09 09:02:00,278338,279338,2026-03-09 09:05:00,279499,1161,0.4171,10305904
155,2026-03-09 09:51:00,276500,277500,2026-03-09 09:53:00,278000,1500,0.5425,10307404
156,2026-03-09 09:52:00,274000,275000,2026-03-09 09:53:00,278000,4000,1.4599,10311404
157,2026-03-09 09:52:00,274000,276000,2026-03-09 09:53:00,278000,4000,1.4599,10315404
158,2026-03-09 10:00:00,275333,276333,2026-03-09 10:36:00,276367,1034,0.3755,10316438
159,2026-03-09 10:49:00,275096,276096,2026-03-09 10:53:00,276139,1043,0.3791,10317481
160,2026-03-09 09:54:00,276525,277525,2026-03-09 11:05:00,278242,1717,0.6209,10319198
161,2026-03-09 11:09:00,277052,278052,2026-03-09 11:13:00,278350,1298,0.4685,10320496
162,2026-03-09 09:35:00,278278,279278,2026-03-09 11:15:00,279278,1000,0.3594,10321496
163,2026-03-09 11:18:00,278165,279165,2026-03-09 11:39:00,279300,1135,0.408,10322631
164,2026-03-09 12:30:00,277077,278077,2026-03-09 12:41:00,278238,1161,0.419,10323792
165,2026-03-09 12:52:00,277173,278173,2026-03-09 13:08:00,278238,1065,0.3842,10324857
166,2026-03-09 13:18:00,277186,278186,2026-03-09 13:31:00,278283,1097,0.3958,10325954
167,2026-03-09 13:59:00,277226,278226,2026-03-09 14:45:00,278402,1176,0.4242,10327130
168,2026-03-09 16:21:00,277000,278000,2026-03-09 17:58:00,278000,1000,0.361,10328130
169,2026-03-09 12:13:00,278153,279153,2026-03-09 18:47:00,279240,1087,0.3908,10329217
170,2026-03-09 09:00:00,279996,280996,2026-03-09 19:04:00,281100,1104,0.3943,10330321
171,2026-03-09 19:29:00,277853,278853,2026-03-09 19:58:00,279042,1189,0.4279,10331510
172,2026-03-09 19:11:00,278964,279964,2026-03-09 20:21:00,280138,1174,0.4208,10332684
173,2026-03-09 19:09:00,280000,281000,2026-03-09 21:33:00,281284,1284,0.4586,10333968
174,2026-03-04 18:46:00,287772,288772,2026-03-10 09:00:00,289632,1860,0.6463,10335828
175,2026-03-04 19:22:00,286819,287819,2026-03-10 09:00:00,289632,2813,0.9808,10338641
176,2026-03-05 09:27:00,284601,285601,2026-03-10 09:00:00,289632,5031,1.7677,10343672
177,2026-03-06 21:56:00,282747,283747,2026-03-10 09:00:00,289632,6885,2.435,10350557
178,2026-03-09 09:00:00,279996,281996,2026-03-10 09:00:00,289632,9636,3.4415,10360193
179,2026-03-09 22:47:00,280206,281206,2026-03-10 09:00:00,289632,9426,3.364,10369619
180,2026-03-10 09:15:00,286994,287994,2026-03-10 09:24:00,288132,1138,0.3965,10370757
181,2026-03-10 09:05:00,288239,289239,2026-03-10 10:33:00,289271,1032,0.358,10371789
182,2026-03-04 17:46:00,288924,289924,2026-03-10 11:21:00,289977,1053,0.3645,10372842
183,2026-03-10 17:37:00,286500,287500,2026-03-10 18:16:00,287597,1097,0.3829,10373939
184,2026-03-10 16:01:00,287679,288679,2026-03-10 18:39:00,288738,1059,0.3681,10374998
185,2026-03-10 12:32:00,288700,289700,2026-03-10 18:48:00,289735,1035,0.3585,10376033
186,2026-03-10 19:05:00,288500,289500,2026-03-10 19:50:00,289500,1000,0.3466,10377033
187,2026-03-11 11:19:00,284281,285281,2026-03-11 11:36:00,285570,1289,0.4534,10378322
188,2026-03-11 17:13:00,282105,283105,2026-03-11 17:48:00,283152,1047,0.3711,10379369
189,2026-03-11 18:27:00,279838,280838,2026-03-11 18:36:00,280958,1120,0.4002,10380489
190,2026-03-11 19:21:00,278025,279025,2026-03-11 19:22:00,279499,1474,0.5302,10381963
191,2026-03-11 19:11:00,279920,280920,2026-03-11 19:31:00,281205,1285,0.4591,10383248
192,2026-03-11 18:15:00,281030,282030,2026-03-11 20:19:00,282041,1011,0.3597,10384259
193,2026-03-11 21:16:00,279826,280826,2026-03-11 22:02:00,280900,1074,0.3838,10385333
194,2026-03-11 20:37:00,281000,282000,2026-03-11 22:38:00,282000,1000,0.3559,10386333
195,2026-03-12 09:00:00,279399,280399,2026-03-12 09:51:00,280422,1023,0.3661,10387356
196,2026-03-12 10:12:00,279316,280316,2026-03-12 11:05:00,280469,1153,0.4128,10388509
197,2026-03-12 09:00:00,279399,281399,2026-03-12 11:19:00,281529,2130,0.7624,10390639
198,2026-03-11 18:02:00,282148,283148,2026-03-12 12:03:00,283422,1274,0.4515,10391913
199,2026-03-11 13:07:00,283300,284300,2026-03-12 12:09:00,284300,1000,0.353,10392913
200,2026-03-11 12:26:00,284343,285343,2026-03-12 12:13:00,285840,1497,0.5265,10394410
201,2026-03-12 12:31:00,283463,284463,2026-03-12 12:46:00,284483,1020,0.3598,10395430
202,2026-03-12 12:16:00,284582,285582,2026-03-12 13:01:00,285884,1302,0.4575,10396732
203,2026-03-11 11:00:00,285423,286423,2026-03-12 13:12:00,286520,1097,0.3843,10397829
204,2026-03-12 13:53:00,285500,286500,2026-03-12 15:05:00,286585,1085,0.38,10398914
205,2026-03-12 17:38:00,285522,286522,2026-03-12 18:29:00,286636,1114,0.3902,10400028
206,2026-03-12 20:02:00,282005,283005,2026-03-12 20:16:00,283188,1183,0.4195,10401211
207,2026-03-12 20:41:00,280266,281266,2026-03-12 20:50:00,281374,1108,0.3953,10402319
208,2026-03-12 20:22:00,281750,282750,2026-03-12 21:35:00,282751,1001,0.3553,10403320
209,2026-03-13 09:00:00,280298,281298,2026-03-13 09:16:00,281413,1115,0.3978,10404435
210,2026-03-13 12:21:00,275587,276587,2026-03-13 12:32:00,276676,1089,0.3952,10405524
211,2026-03-13 12:52:00,274202,275202,2026-03-13 12:55:00,275239,1037,0.3782,10406561
212,2026-03-13 13:52:00,274150,275150,2026-03-13 14:02:00,275193,1043,0.3804,10407604
213,2026-03-13 12:45:00,275565,276565,2026-03-13 14:29:00,276637,1072,0.389,10408676
214,2026-03-13 11:57:00,276720,277720,2026-03-13 15:43:00,277740,1020,0.3686,10409696
215,2026-03-13 16:03:00,276718,277718,2026-03-13 16:17:00,278352,1634,0.5905,10411330
216,2026-03-13 11:49:00,277974,278974,2026-03-13 17:27:00,279402,1428,0.5137,10412758
217,2026-03-13 11:14:00,279381,280381,2026-03-13 17:36:00,280424,1043,0.3733,10413801
218,2026-03-13 17:47:00,279403,280403,2026-03-13 18:00:00,280599,1196,0.4281,10414997
219,2026-03-13 19:04:00,278560,279560,2026-03-13 19:16:00,279791,1231,0.4419,10416228
220,2026-03-13 20:28:00,272100,273100,2026-03-13 20:35:00,273600,1500,0.5513,10417728
221,2026-03-13 20:25:00,273219,274219,2026-03-13 20:39:00,274277,1058,0.3872,10418786
222,2026-03-13 21:32:00,269056,270056,2026-03-13 21:39:00,270534,1478,0.5493,10420264
223,2026-03-13 21:49:00,269332,270332,2026-03-13 22:01:00,270381,1049,0.3895,10421313
224,2026-03-13 21:31:00,270263,271263,2026-03-13 22:03:00,271385,1122,0.4152,10422435
225,2026-03-13 22:15:00,269620,270620,2026-03-13 22:21:00,271083,1463,0.5426,10423898
226,2026-03-13 21:13:00,271346,272346,2026-03-13 22:39:00,272403,1057,0.3895,10424955
227,2026-03-16 09:06:00,267558,268558,2026-03-16 09:14:00,268667,1109,0.4145,10426064
228,2026-03-16 09:00:00,268587,269587,2026-03-16 09:44:00,269600,1013,0.3772,10427077
229,2026-03-16 11:04:00,265044,266044,2026-03-16 11:08:00,266202,1158,0.4369,10428235
230,2026-03-16 10:49:00,266140,267140,2026-03-16 11:11:00,267456,1316,0.4945,10429551
231,2026-03-16 10:27:00,267217,268217,2026-03-16 11:44:00,268326,1109,0.415,10430660
232,2026-03-16 10:09:00,268416,269416,2026-03-16 11:49:00,269474,1058,0.3942,10431718
233,2026-03-16 12:17:00,266190,267190,2026-03-16 12:27:00,267237,1047,0.3933,10432765
234,2026-03-16 13:44:00,263903,264903,2026-03-16 13:57:00,265104,1201,0.4551,10433966
235,2026-03-16 15:31:00,260553,261553,2026-03-16 15:56:00,261600,1047,0.4018,10435013
236,2026-03-16 15:29:00,261786,262786,2026-03-16 16:17:00,263000,1214,0.4637,10436227
237,2026-03-16 15:14:00,262802,263802,2026-03-16 16:21:00,263980,1178,0.4482,10437405
238,2026-03-16 14:08:00,263950,264950,2026-03-16 16:52:00,264950,1000,0.3789,10438405
239,2026-03-16 17:00:00,263798,264798,2026-03-16 17:04:00,264949,1151,0.4363,10439556
240,2026-03-16 17:19:00,263853,264853,2026-03-16 17:49:00,264923,1070,0.4055,10440626
241,2026-03-16 13:14:00,265101,266101,2026-03-16 18:00:00,266410,1309,0.4938,10441935
242,2026-03-16 12:45:00,266171,267171,2026-03-16 18:26:00,267215,1044,0.3922,10442979
243,2026-03-16 12:07:00,267352,268352,2026-03-16 18:46:00,268470,1118,0.4182,10444097
244,2026-03-16 11:55:00,268357,269357,2026-03-16 18:53:00,269720,1363,0.5079,10445460
245,2026-03-16 09:00:00,268587,270587,2026-03-16 19:04:00,270871,2284,0.8504,10447744
246,2026-03-16 09:00:00,268587,271587,2026-03-16 19:06:00,271641,3054,1.1371,10450798
247,2026-03-16 19:08:00,269780,270780,2026-03-16 19:13:00,270856,1076,0.3988,10451874
248,2026-03-16 19:18:00,269351,270351,2026-03-16 19:21:00,270638,1287,0.4778,10453161
249,2026-03-16 19:25:00,269500,270500,2026-03-16 19:32:00,270894,1394,0.5173,10454555
250,2026-03-16 19:35:00,269766,270766,2026-03-16 19:41:00,270850,1084,0.4018,10455639
251,2026-03-16 20:03:00,267343,268343,2026-03-16 20:05:00,268661,1318,0.493,10456957
252,2026-03-16 20:17:00,266560,267560,2026-03-16 20:23:00,267657,1097,0.4115,10458054
253,2026-03-16 20:10:00,267584,268584,2026-03-16 20:26:00,268610,1026,0.3834,10459080
254,2026-03-16 19:58:00,268432,269432,2026-03-16 20:33:00,269639,1207,0.4496,10460287
255,2026-03-16 20:40:00,268455,269455,2026-03-16 20:46:00,269700,1245,0.4638,10461532
256,2026-03-16 21:59:00,267270,268270,2026-03-16 22:13:00,268556,1286,0.4812,10462818
257,2026-03-16 21:20:00,268343,269343,2026-03-16 22:42:00,269460,1117,0.4163,10463935
258,2026-03-16 19:49:00,269621,270621,2026-03-17 09:00:00,271982,2361,0.8757,10466296
259,2026-03-16 23:09:00,268255,269255,2026-03-17 09:00:00,271982,3727,1.3893,10470023
260,2026-03-17 09:15:00,270811,271811,2026-03-17 09:21:00,271823,1012,0.3737,10471035
261,2026-03-13 20:50:00,273025,274025,2026-03-17 09:59:00,274445,1420,0.5201,10472455
262,2026-03-17 11:32:00,269913,270913,2026-03-17 11:41:00,271005,1092,0.4046,10473547
263,2026-03-17 12:29:00,269916,270916,2026-03-17 12:36:00,271000,1084,0.4016,10474631
264,2026-03-17 13:41:00,269875,270875,2026-03-17 13:49:00,270947,1072,0.3972,10475703
265,2026-03-17 14:41:00,269892,270892,2026-03-17 15:32:00,270900,1008,0.3735,10476711
266,2026-03-17 16:13:00,267600,268600,2026-03-17 16:38:00,268668,1068,0.3991,10477779
267,2026-03-17 15:49:00,268624,269624,2026-03-17 16:50:00,269653,1029,0.3831,10478808
268,2026-03-17 17:30:00,267404,268404,2026-03-17 17:50:00,268550,1146,0.4286,10479954
269,2026-03-17 17:03:00,268425,269425,2026-03-17 17:57:00,269499,1074,0.4001,10481028
270,2026-03-17 18:16:00,268484,269484,2026-03-17 18:30:00,269504,1020,0.3799,10482048
271,2026-03-17 15:37:00,269800,270800,2026-03-17 19:13:00,270825,1025,0.3799,10483073
272,2026-03-17 21:10:00,263362,264362,2026-03-17 21:13:00,264514,1152,0.4374,10484225
273,2026-03-17 21:05:00,264800,265800,2026-03-17 21:23:00,265831,1031,0.3894,10485256
274,2026-03-17 21:31:00,264768,265768,2026-03-17 22:00:00,265800,1032,0.3898,10486288
275,2026-03-17 22:25:00,264797,265797,2026-03-17 22:31:00,265936,1139,0.4301,10487427
276,2026-03-18 09:25:00,262690,263690,2026-03-18 10:37:00,264007,1317,0.5014,10488744
277,2026-03-18 09:00:00,264081,265081,2026-03-18 11:07:00,265202,1121,0.4245,10489865
278,2026-03-18 11:25:00,264056,265056,2026-03-18 11:42:00,265136,1080,0.409,10490945
279,2026-03-18 13:48:00,264083,265083,2026-03-18 14:50:00,265457,1374,0.5203,10492319
280,2026-03-18 16:27:00,264289,265289,2026-03-18 16:46:00,265343,1054,0.3988,10493373
281,2026-03-18 18:34:00,257253,258253,2026-03-18 18:37:00,258645,1392,0.5411,10494765
282,2026-03-18 18:47:00,256005,257005,2026-03-18 18:50:00,257744,1739,0.6793,10496504
283,2026-03-18 18:41:00,257072,258072,2026-03-18 18:53:00,258103,1031,0.4011,10497535
284,2026-03-18 18:30:00,258335,259335,2026-03-18 19:09:00,259683,1348,0.5218,10498883
285,2026-03-18 18:30:00,258335,260335,2026-03-18 19:11:00,260353,2018,0.7812,10500901
286,2026-03-18 19:21:00,257998,258998,2026-03-18 19:24:00,259076,1078,0.4178,10501979
287,2026-03-18 19:18:00,259289,260289,2026-03-18 19:32:00,260418,1129,0.4354,10503108
288,2026-03-18 18:30:00,258335,261335,2026-03-18 19:35:00,261523,3188,1.2341,10506296
289,2026-03-18 20:07:00,257854,258854,2026-03-18 20:17:00,258865,1011,0.3921,10507307
290,2026-03-18 19:47:00,258893,259893,2026-03-18 20:30:00,259939,1046,0.404,10508353
291,2026-03-18 20:51:00,258805,259805,2026-03-18 21:56:00,260005,1200,0.4637,10509553
292,2026-03-19 09:37:00,255182,256182,2026-03-19 09:54:00,256340,1158,0.4538,10510711
293,2026-03-19 09:30:00,256186,257186,2026-03-19 10:43:00,257200,1014,0.3958,10511725
294,2026-03-19 12:21:00,246500,247500,2026-03-19 12:25:00,247587,1087,0.441,10512812
295,2026-03-19 12:17:00,247846,248846,2026-03-19 12:28:00,249057,1211,0.4886,10514023
296,2026-03-19 12:07:00,249246,250246,2026-03-19 12:38:00,250482,1236,0.4959,10515259
297,2026-03-19 14:13:00,241345,242345,2026-03-19 14:17:00,242673,1328,0.5502,10516587
298,2026-03-19 14:03:00,242666,243666,2026-03-19 14:21:00,243713,1047,0.4315,10517634
299,2026-03-19 13:57:00,244418,245418,2026-03-19 14:33:00,245450,1032,0.4222,10518666
300,2026-03-19 14:38:00,244053,245053,2026-03-19 14:51:00,245445,1392,0.5704,10520058
301,2026-03-19 15:50:00,243119,244119,2026-03-19 15:57:00,244213,1094,0.45,10521152
302,2026-03-19 16:23:00,242777,243777,2026-03-19 16:32:00,243827,1050,0.4325,10522202
303,2026-03-19 16:35:00,242651,243651,2026-03-19 16:53:00,243685,1034,0.4261,10523236
304,2026-03-19 18:03:00,232311,233311,2026-03-19 18:05:00,233795,1484,0.6388,10524720
305,2026-03-19 18:15:00,230173,231173,2026-03-19 18:27:00,232009,1836,0.7977,10526556
306,2026-03-19 18:33:00,228246,229246,2026-03-19 18:34:00,229406,1160,0.5082,10527716
307,2026-03-19 18:30:00,229295,230295,2026-03-19 18:37:00,230532,1237,0.5395,10528953
308,2026-03-19 18:39:00,229048,230048,2026-03-19 18:44:00,230336,1288,0.5623,10530241
309,2026-03-19 18:30:00,229295,231295,2026-03-19 18:46:00,231299,2004,0.874,10532245
310,2026-03-19 18:14:00,231343,232343,2026-03-19 18:47:00,232793,1450,0.6268,10533695
311,2026-03-19 18:13:00,232673,233673,2026-03-19 18:49:00,234034,1361,0.5849,10535056
312,2026-03-19 17:59:00,234055,235055,2026-03-19 18:50:00,235241,1186,0.5067,10536242
313,2026-03-19 18:52:00,233366,234366,2026-03-19 18:59:00,234751,1385,0.5935,10537627
314,2026-03-19 19:03:00,233019,234019,2026-03-19 19:04:00,234774,1755,0.7532,10539382
315,2026-03-19 19:17:00,231822,232822,2026-03-19 19:19:00,233000,1178,0.5081,10540560
316,2026-03-19 19:05:00,233411,234411,2026-03-19 19:23:00,235661,2250,0.964,10542810
317,2026-03-19 17:55:00,235112,236112,2026-03-19 19:24:00,236727,1615,0.6869,10544425
318,2026-03-19 17:40:00,237112,238112,2026-03-19 19:26:00,238700,1588,0.6697,10546013
319,2026-03-19 17:55:00,235112,237112,2026-03-19 19:26:00,238700,3588,1.5261,10549601
320,2026-03-19 17:31:00,238113,239113,2026-03-19 19:30:00,239603,1490,0.6258,10551091
321,2026-03-19 19:51:00,236630,237630,2026-03-19 19:54:00,237657,1027,0.434,10552118
322,2026-03-19 19:57:00,236066,237066,2026-03-19 20:01:00,237555,1489,0.6308,10553607
323,2026-03-19 19:46:00,238401,239401,2026-03-19 20:06:00,239915,1514,0.6351,10555121
324,2026-03-19 20:08:00,238900,239900,2026-03-19 20:21:00,240200,1300,0.5442,10556421
325,2026-03-19 20:28:00,239180,240180,2026-03-19 20:34:00,240558,1378,0.5761,10557799
326,2026-03-19 17:29:00,240040,241040,2026-03-19 20:35:00,241799,1759,0.7328,10559558
327,2026-03-19 21:11:00,235738,236738,2026-03-19 21:18:00,237000,1262,0.5353,10560820
328,2026-03-19 21:04:00,236814,237814,2026-03-19 21:21:00,237844,1030,0.4349,10561850
329,2026-03-19 21:02:00,237963,238963,2026-03-19 21:26:00,239400,1437,0.6039,10563287
330,2026-03-19 20:56:00,239493,240493,2026-03-19 21:37:00,241000,1507,0.6292,10564794
331,2026-03-19 22:21:00,238770,239770,2026-03-19 22:33:00,239887,1117,0.4678,10565911
332,2026-03-19 21:40:00,239800,240800,2026-03-19 22:54:00,241411,1611,0.6718,10567522
333,2026-03-19 20:37:00,240732,241732,2026-03-19 22:56:00,242170,1438,0.5973,10568960
334,2026-03-19 17:24:00,241196,242196,2026-03-19 23:00:00,242199,1003,0.4158,10569963
335,2026-03-19 17:12:00,242297,243297,2026-03-19 23:22:00,243740,1443,0.5956,10571406
336,2026-03-19 12:43:00,249245,250245,2026-03-20 09:00:00,250665,1420,0.5697,10572826
337,2026-03-19 12:52:00,248018,249018,2026-03-20 09:00:00,250665,2647,1.0673,10575473
338,2026-03-19 13:14:00,246800,247800,2026-03-20 09:00:00,250665,3865,1.566,10579338
339,2026-03-19 13:27:00,245465,246465,2026-03-20 09:00:00,250665,5200,2.1184,10584538
340,2026-03-19 14:56:00,244418,245418,2026-03-20 09:00:00,250665,6247,2.5559,10590785
341,2026-03-20 09:03:00,249613,250613,2026-03-20 09:26:00,250972,1359,0.5444,10592144
342,2026-03-20 09:47:00,248704,249704,2026-03-20 10:00:00,249840,1136,0.4568,10593280
343,2026-03-20 11:04:00,245050,246050,2026-03-20 11:08:00,246974,1924,0.7851,10595204
344,2026-03-20 11:23:00,243525,244525,2026-03-20 11:26:00,244686,1161,0.4767,10596365
345,2026-03-20 11:28:00,243287,244287,2026-03-20 11:30:00,244345,1058,0.4349,10597423
346,2026-03-20 12:12:00,240780,241780,2026-03-20 12:15:00,241800,1020,0.4236,10598443
347,2026-03-20 12:09:00,242099,243099,2026-03-20 12:47:00,243296,1197,0.4944,10599640
348,2026-03-20 12:03:00,243300,244300,2026-03-20 13:01:00,244389,1089,0.4476,10600729
349,2026-03-20 11:17:00,244759,245759,2026-03-20 13:11:00,245800,1041,0.4253,10601770
350,2026-03-20 11:13:00,245848,246848,2026-03-20 13:41:00,246999,1151,0.4682,10602921
351,2026-03-20 11:02:00,246431,247431,2026-03-20 13:46:00,247536,1105,0.4484,10604026
352,2026-03-20 15:52:00,241225,242225,2026-03-20 15:55:00,242326,1101,0.4564,10605127
353,2026-03-20 15:20:00,242541,243541,2026-03-20 16:13:00,243781,1240,0.5113,10606367
354,2026-03-20 16:21:00,242439,243439,2026-03-20 16:33:00,243556,1117,0.4607,10607484
355,2026-03-20 15:06:00,243736,244736,2026-03-20 17:02:00,244845,1109,0.455,10608593
356,2026-03-20 17:08:00,243800,244800,2026-03-20 17:10:00,245200,1400,0.5742,10609993
357,2026-03-20 17:20:00,243829,244829,2026-03-20 17:30:00,245300,1471,0.6033,10611464
358,2026-03-20 18:11:00,243068,244068,2026-03-20 18:31:00,244754,1686,0.6936,10613150
359,2026-03-20 18:40:00,241735,242735,2026-03-20 18:50:00,243069,1334,0.5518,10614484
360,2026-03-20 19:01:00,241802,242802,2026-03-20 19:15:00,242810,1008,0.4169,10615492
361,2026-03-20 19:28:00,238705,239705,2026-03-20 19:32:00,239750,1045,0.4378,10616537
362,2026-03-20 19:58:00,234600,235600,2026-03-20 20:00:00,236149,1549,0.6603,10618086
363,2026-03-20 19:45:00,235720,236720,2026-03-20 20:03:00,237275,1555,0.6597,10619641
364,2026-03-20 19:41:00,237308,238308,2026-03-20 20:23:00,238439,1131,0.4766,10620772
365,2026-03-20 20:24:00,236906,237906,2026-03-20 20:27:00,238181,1275,0.5382,10622047
366,2026-03-20 19:37:00,238500,239500,2026-03-20 20:43:00,239625,1125,0.4717,10623172
367,2026-03-20 20:56:00,237095,238095,2026-03-20 20:59:00,238362,1267,0.5344,10624439
368,2026-03-20 21:18:00,236315,237315,2026-03-20 21:30:00,237332,1017,0.4304,10625456
369,2026-03-20 21:11:00,237326,238326,2026-03-20 21:35:00,238745,1419,0.5979,10626875
370,2026-03-20 20:46:00,238481,239481,2026-03-20 21:47:00,239632,1151,0.4826,10628026
371,2026-03-20 22:17:00,237175,238175,2026-03-20 22:24:00,238435,1260,0.5313,10629286
372,2026-03-20 23:01:00,237294,238294,2026-03-20 23:16:00,238296,1002,0.4223,10630288
373,2026-03-23 09:15:00,221769,222769,2026-03-23 09:22:00,222799,1030,0.4644,10631318
374,2026-03-23 09:27:00,221061,222061,2026-03-23 09:30:00,222110,1049,0.4745,10632367
375,2026-03-23 09:00:00,223630,224630,2026-03-23 10:31:00,224699,1069,0.478,10633436
376,2026-03-23 11:03:00,220665,221665,2026-03-23 11:05:00,221683,1018,0.4613,10634454
377,2026-03-23 11:21:00,216681,217681,2026-03-23 11:26:00,217992,1311,0.605,10635765
378,2026-03-23 11:37:00,215402,216402,2026-03-23 11:44:00,217153,1751,0.8129,10637516
379,2026-03-23 11:30:00,216500,217500,2026-03-23 11:45:00,217573,1073,0.4956,10638589
380,2026-03-23 12:02:00,211133,212133,2026-03-23 12:04:00,212341,1208,0.5722,10639797
381,2026-03-23 12:06:00,211092,212092,2026-03-23 12:08:00,212606,1514,0.7172,10641311
382,2026-03-23 12:17:00,210595,211595,2026-03-23 12:18:00,211897,1302,0.6182,10642613
383,2026-03-23 12:13:00,211599,212599,2026-03-23 12:20:00,213300,1701,0.8039,10644314
384,2026-03-23 11:59:00,212339,213339,2026-03-23 12:21:00,213362,1023,0.4818,10645337
385,2026-03-23 11:58:00,213351,214351,2026-03-23 12:27:00,215310,1959,0.9182,10647296
386,2026-03-23 12:44:00,210847,211847,2026-03-23 12:58:00,212454,1607,0.7622,10648903
387,2026-03-23 12:31:00,211908,212908,2026-03-23 13:01:00,212913,1005,0.4743,10649908
388,2026-03-23 12:29:00,213640,214640,2026-03-23 13:08:00,215032,1392,0.6516,10651300
389,2026-03-23 11:53:00,214938,215938,2026-03-23 13:14:00,216232,1294,0.602,10652594
390,2026-03-23 13:22:00,215000,216000,2026-03-23 13:29:00,216155,1155,0.5372,10653749
391,2026-03-23 11:47:00,216354,217354,2026-03-23 13:33:00,217634,1280,0.5916,10655029
392,2026-03-23 11:21:00,216681,218681,2026-03-23 13:38:00,218728,2047,0.9447,10657076
393,2026-03-23 11:15:00,218708,219708,2026-03-23 13:42:00,219894,1186,0.5423,10658262
394,2026-03-23 13:47:00,217689,218689,2026-03-23 13:52:00,219000,1311,0.6022,10659573
395,2026-03-23 14:33:00,216537,217537,2026-03-23 14:46:00,218237,1700,0.7851,10661273
396,2026-03-23 14:19:00,217768,218768,2026-03-23 14:50:00,218935,1167,0.5359,10662440
397,2026-03-23 15:09:00,214862,215862,2026-03-23 15:37:00,216226,1364,0.6348,10663804
398,2026-03-23 15:06:00,216365,217365,2026-03-23 16:20:00,217434,1069,0.4941,10664873
399,2026-03-23 13:45:00,218870,219870,2026-03-23 16:35:00,221062,2192,1.0015,10667065
400,2026-03-23 15:03:00,217784,218784,2026-03-23 16:35:00,221062,3278,1.5052,10670343
401,2026-03-23 11:00:00,221941,222941,2026-03-23 16:36:00,223141,1200,0.5407,10671543
402,2026-03-23 11:10:00,220578,221578,2026-03-23 16:36:00,223141,2563,1.1619,10674106
403,2026-03-23 09:00:00,223630,225630,2026-03-23 16:37:00,227089,3459,1.5468,10677565
404,2026-03-23 09:00:00,223630,226630,2026-03-23 16:37:00,227089,3459,1.5468,10681024
405,2026-03-23 10:52:00,223500,224500,2026-03-23 16:37:00,227089,3589,1.6058,10684613
406,2026-03-23 09:00:00,223630,227630,2026-03-23 16:38:00,227659,4029,1.8016,10688642
407,2026-03-23 09:00:00,223630,228630,2026-03-23 16:39:00,228858,5228,2.3378,10693870
408,2026-03-23 09:00:00,223630,229630,2026-03-23 16:40:00,230091,6461,2.8891,10700331
409,2026-03-23 16:41:00,228385,229385,2026-03-23 16:42:00,230007,1622,0.7102,10701953
410,2026-03-23 09:00:00,223630,230630,2026-03-23 16:43:00,230855,7225,3.2308,10709178
411,2026-03-23 09:00:00,223630,231630,2026-03-23 16:44:00,232623,8993,4.0214,10718171
412,2026-03-23 16:46:00,227937,228937,2026-03-23 16:48:00,229567,1630,0.7151,10719801
413,2026-03-23 16:53:00,227483,228483,2026-03-23 16:56:00,228916,1433,0.6299,10721234
414,2026-03-23 16:45:00,229239,230239,2026-03-23 16:59:00,230715,1476,0.6439,10722710
415,2026-03-23 16:50:00,228528,229528,2026-03-23 16:59:00,230715,2187,0.957,10724897
416,2026-03-23 16:45:00,229239,231239,2026-03-23 17:00:00,231421,2182,0.9518,10727079
417,2026-03-23 09:00:00,223630,232630,2026-03-23 17:04:00,233531,9901,4.4274,10736980
418,2026-03-23 16:45:00,229239,232239,2026-03-23 17:04:00,233531,4292,1.8723,10741272
419,2026-03-23 09:00:00,223630,233630,2026-03-23 17:05:00,233900,10270,4.5924,10751542
420,2026-03-23 17:10:00,230339,231339,2026-03-23 17:13:00,232170,1831,0.7949,10753373
421,2026-03-23 17:17:00,229000,230000,2026-03-23 17:19:00,230137,1137,0.4965,10754510
422,2026-03-23 17:21:00,228662,229662,2026-03-23 17:22:00,229833,1171,0.5121,10755681
423,2026-03-23 17:27:00,227074,228074,2026-03-23 17:29:00,228102,1028,0.4527,10756709
424,2026-03-23 17:31:00,226532,227532,2026-03-23 17:34:00,227869,1337,0.5902,10758046
425,2026-03-23 17:35:00,226824,227824,2026-03-23 17:39:00,228823,1999,0.8813,10760045
426,2026-03-23 17:44:00,227759,228759,2026-03-23 17:46:00,229267,1508,0.6621,10761553
427,2026-03-23 17:26:00,228364,229364,2026-03-23 17:47:00,229845,1481,0.6485,10763034
428,2026-03-23 17:16:00,230123,231123,2026-03-23 17:58:00,231230,1107,0.481,10764141
429,2026-03-23 17:16:00,230123,232123,2026-03-23 18:07:00,232430,2307,1.0025,10766448
430,2026-03-23 17:07:00,232209,233209,2026-03-23 18:12:00,233662,1453,0.6257,10767901
431,2026-03-23 09:00:00,223630,234630,2026-03-23 18:14:00,234766,11136,4.9797,10779037
432,2026-03-23 09:00:00,223630,235630,2026-03-23 18:19:00,235786,12156,5.4358,10791193
433,2026-03-23 09:00:00,223630,236630,2026-03-23 18:22:00,237429,13799,6.1705,10804992
434,2026-03-23 18:32:00,231501,232501,2026-03-23 18:33:00,233000,1499,0.6475,10806491
435,2026-03-23 18:36:00,232000,233000,2026-03-23 18:39:00,233002,1002,0.4319,10807493
436,2026-03-23 18:32:00,231501,233501,2026-03-23 18:41:00,234091,2590,1.1188,10810083
437,2026-03-23 18:55:00,231172,232172,2026-03-23 19:06:00,232426,1254,0.5425,10811337
438,2026-03-23 18:47:00,232838,233838,2026-03-23 19:12:00,234149,1311,0.5631,10812648
439,2026-03-23 19:14:00,232323,233323,2026-03-23 19:16:00,233401,1078,0.464,10813726
440,2026-03-23 18:30:00,233619,234619,2026-03-23 19:23:00,234705,1086,0.4649,10814812
441,2026-03-23 19:25:00,233205,234205,2026-03-23 19:28:00,234514,1309,0.5613,10816121
442,2026-03-23 18:30:00,233619,235619,2026-03-23 19:45:00,235701,2082,0.8912,10818203
443,2026-03-23 18:23:00,235957,236957,2026-03-23 19:47:00,237200,1243,0.5268,10819446
444,2026-03-23 09:00:00,223630,237630,2026-03-23 19:48:00,237952,14322,6.4043,10833768
445,2026-03-23 20:09:00,236896,237896,2026-03-23 20:28:00,238238,1342,0.5665,10835110
446,2026-03-23 20:30:00,237198,238198,2026-03-23 20:33:00,238254,1056,0.4452,10836166
447,2026-03-23 20:47:00,235337,236337,2026-03-23 20:52:00,236666,1329,0.5647,10837495
448,2026-03-23 21:14:00,232125,233125,2026-03-23 21:21:00,233267,1142,0.492,10838637
449,2026-03-23 21:25:00,229594,230594,2026-03-23 21:31:00,231003,1409,0.6137,10840046
450,2026-03-23 21:35:00,229660,230660,2026-03-23 21:37:00,231026,1366,0.5948,10841412
451,2026-03-23 21:24:00,231385,232385,2026-03-23 21:41:00,232492,1107,0.4784,10842519
452,2026-03-23 21:47:00,231300,232300,2026-03-23 22:03:00,232302,1002,0.4332,10843521
453,2026-03-23 21:06:00,233684,234684,2026-03-23 22:23:00,234720,1036,0.4433,10844557
454,2026-03-23 22:27:00,233501,234501,2026-03-23 22:37:00,234656,1155,0.4946,10845712
455,2026-03-23 21:04:00,235070,236070,2026-03-23 23:03:00,236367,1297,0.5518,10847009
456,2026-03-23 23:17:00,235051,236051,2026-03-23 23:26:00,236087,1036,0.4408,10848045
457,2026-03-24 09:07:00,226921,227921,2026-03-24 09:09:00,228000,1079,0.4755,10849124
458,2026-03-24 09:15:00,226520,227520,2026-03-24 09:31:00,227730,1210,0.5342,10850334
459,2026-03-24 09:49:00,226082,227082,2026-03-24 10:07:00,227108,1026,0.4538,10851360
460,2026-03-24 10:40:00,223532,224532,2026-03-24 10:42:00,225238,1706,0.7632,10853066
461,2026-03-24 10:43:00,224122,225122,2026-03-24 10:48:00,225250,1128,0.5033,10854194
462,2026-03-24 10:58:00,224000,225000,2026-03-24 11:05:00,225440,1440,0.6429,10855634
463,2026-03-24 10:35:00,224700,225700,2026-03-24 11:10:00,226494,1794,0.7984,10857428
464,2026-03-24 10:31:00,226052,227052,2026-03-24 11:11:00,227800,1748,0.7733,10859176
465,2026-03-24 11:14:00,226406,227406,2026-03-24 11:17:00,227605,1199,0.5296,10860375
466,2026-03-24 11:24:00,226133,227133,2026-03-24 11:30:00,227280,1147,0.5072,10861522
467,2026-03-24 09:00:00,228246,229246,2026-03-24 11:40:00,229537,1291,0.5656,10862813
468,2026-03-24 11:45:00,228350,229350,2026-03-24 11:47:00,229693,1343,0.5881,10864156
469,2026-03-24 09:00:00,228246,230246,2026-03-24 11:49:00,230379,2133,0.9345,10866289
470,2026-03-24 09:00:00,228246,231246,2026-03-24 11:52:00,231600,3354,1.4695,10869643
471,2026-03-24 09:00:00,228246,232246,2026-03-24 11:55:00,232721,4475,1.9606,10874118
472,2026-03-24 12:15:00,230285,231285,2026-03-24 12:23:00,231350,1065,0.4625,10875183
473,2026-03-24 11:58:00,231396,232396,2026-03-24 12:25:00,232500,1104,0.4771,10876287
474,2026-03-24 09:00:00,228246,233246,2026-03-24 12:30:00,233928,5682,2.4894,10881969
475,2026-03-24 09:00:00,228246,234246,2026-03-24 12:33:00,234263,6017,2.6362,10887986
476,2026-03-24 09:00:00,228246,235246,2026-03-24 12:40:00,235413,7167,3.14,10895153
477,2026-03-24 13:01:00,233110,234110,2026-03-24 13:18:00,234682,1572,0.6744,10896725
478,2026-03-24 12:53:00,234223,235223,2026-03-24 13:20:00,235536,1313,0.5606,10898038
479,2026-03-24 13:49:00,234508,235508,2026-03-24 14:18:00,235780,1272,0.5424,10899310
480,2026-03-24 14:42:00,233640,234640,2026-03-24 14:49:00,234888,1248,0.5342,10900558
481,2026-03-24 14:31:00,234663,235663,2026-03-24 15:12:00,235795,1132,0.4824,10901690
482,2026-03-24 16:31:00,233468,234468,2026-03-24 16:33:00,235198,1730,0.741,10903420
483,2026-03-24 16:31:00,233468,235468,2026-03-24 16:37:00,235527,2059,0.8819,10905479
484,2026-03-24 17:52:00,232969,233969,2026-03-24 17:53:00,234000,1031,0.4425,10906510
485,2026-03-24 18:09:00,230910,231910,2026-03-24 18:17:00,231999,1089,0.4716,10907599
486,2026-03-24 18:30:00,230282,231282,2026-03-24 18:32:00,231617,1335,0.5797,10908934
487,2026-03-24 19:11:00,229301,230301,2026-03-24 19:23:00,230889,1588,0.6925,10910522
488,2026-03-24 18:59:00,230493,231493,2026-03-24 19:29:00,231518,1025,0.4447,10911547
489,2026-03-24 18:03:00,232261,233261,2026-03-24 19:57:00,233460,1199,0.5162,10912746
490,2026-03-24 17:22:00,234408,235408,2026-03-24 20:17:00,235419,1011,0.4313,10913757
491,2026-03-24 20:20:00,233933,234933,2026-03-24 20:21:00,235000,1067,0.4561,10914824
492,2026-03-24 21:30:00,233886,234886,2026-03-24 21:39:00,234987,1101,0.4707,10915925
493,2026-03-20 17:53:00,244112,245112,2026-03-25 09:00:00,245475,1363,0.5584,10917288
494,2026-03-20 18:36:00,243178,244178,2026-03-25 09:00:00,245475,2297,0.9446,10919585
495,2026-03-20 19:20:00,241250,242250,2026-03-25 09:00:00,245475,4225,1.7513,10923810
496,2026-03-20 19:22:00,239832,240832,2026-03-25 09:00:00,245475,5643,2.3529,10929453
497,2026-03-20 22:00:00,238578,239578,2026-03-25 09:00:00,245475,6897,2.8909,10936350
498,2026-03-23 20:44:00,237100,238100,2026-03-25 09:00:00,245475,8375,3.5323,10944725
499,2026-03-24 22:56:00,233783,234783,2026-03-25 09:00:00,245475,11692,5.0012,10956417
500,2026-03-25 09:02:00,244201,245201,2026-03-25 09:25:00,245517,1316,0.5389,10957733
501,2026-03-25 10:47:00,244466,245466,2026-03-25 13:45:00,245491,1025,0.4193,10958758
502,2026-03-20 14:24:00,245109,246109,2026-03-25 13:49:00,246138,1029,0.4198,10959787
503,2026-03-25 14:54:00,243803,244803,2026-03-25 16:20:00,244816,1013,0.4155,10960800
504,2026-03-25 18:00:00,243627,244627,2026-03-25 18:06:00,244874,1247,0.5118,10962047
505,2026-03-25 19:15:00,243847,244847,2026-03-25 20:03:00,244937,1090,0.447,10963137
506,2026-03-25 20:47:00,242800,243800,2026-03-25 20:52:00,243900,1100,0.453,10964237
507,2026-03-26 17:35:00,228944,229944,2026-03-26 17:38:00,230370,1426,0.6229,10965663
508,2026-03-26 17:19:00,229977,230977,2026-03-26 17:41:00,230982,1005,0.437,10966668
509,2026-03-26 18:04:00,229907,230907,2026-03-26 18:38:00,230999,1092,0.475,10967760
510,2026-03-26 17:13:00,231809,232809,2026-03-26 19:17:00,232986,1177,0.5077,10968937
511,2026-03-26 17:00:00,232941,233941,2026-03-26 20:03:00,234198,1257,0.5396,10970194
512,2026-03-26 21:31:00,231545,232545,2026-03-27 09:00:00,233450,1905,0.8227,10972099
513,2026-03-26 21:51:00,230353,231353,2026-03-27 09:00:00,233450,3097,1.3445,10975196
514,2026-03-26 23:29:00,229140,230140,2026-03-27 09:00:00,233450,4310,1.8809,10979506
515,2026-03-26 20:23:00,232950,233950,2026-03-27 09:05:00,234135,1185,0.5087,10980691
516,2026-03-26 17:00:00,232941,234941,2026-03-27 10:22:00,234988,2047,0.8788,10982738
517,2026-03-26 17:00:00,232941,235941,2026-03-27 11:04:00,236229,3288,1.4115,10986026
518,2026-03-26 17:00:00,232941,236941,2026-03-27 11:13:00,236984,4043,1.7356,10990069
519,2026-03-27 11:27:00,235856,236856,2026-03-27 12:06:00,236880,1024,0.4342,10991093
520,2026-03-27 14:05:00,233374,234374,2026-03-27 14:11:00,234405,1031,0.4418,10992124
521,2026-03-27 14:34:00,233365,234365,2026-03-27 15:02:00,234582,1217,0.5215,10993341
522,2026-03-27 17:31:00,231300,232300,2026-03-27 17:46:00,232399,1099,0.4751,10994440
523,2026-03-27 17:50:00,231014,232014,2026-03-27 18:09:00,232079,1065,0.461,10995505
524,2026-03-27 18:40:00,230922,231922,2026-03-27 18:46:00,231982,1060,0.459,10996565
525,2026-03-27 16:08:00,232310,233310,2026-03-27 19:34:00,233359,1049,0.4516,10997614
526,2026-03-27 15:10:00,233542,234542,2026-03-27 19:50:00,234710,1168,0.5001,10998782
527,2026-03-27 19:57:00,233501,234501,2026-03-27 20:16:00,234601,1100,0.4711,10999882
528,2026-03-27 13:46:00,234529,235529,2026-03-27 20:19:00,235546,1017,0.4336,11000899
529,2026-03-27 12:20:00,235604,236604,2026-03-27 20:21:00,236796,1192,0.5059,11002091
530,2026-03-26 17:00:00,232941,237941,2026-03-27 20:27:00,238200,5259,2.2577,11007350
531,2026-03-26 17:00:00,232941,238941,2026-03-27 20:34:00,239170,6229,2.6741,11013579
532,2026-03-26 17:00:00,232941,239941,2026-03-27 20:42:00,240552,7611,3.2674,11021190
533,2026-03-26 17:00:00,232941,240941,2026-03-27 20:43:00,241770,8829,3.7902,11030019
534,2026-03-26 17:00:00,232941,241941,2026-03-27 20:48:00,242082,9141,3.9242,11039160
535,2026-03-26 17:00:00,232941,242941,2026-03-27 20:53:00,242969,10028,4.305,11049188
536,2026-03-27 22:08:00,239519,240519,2026-03-27 22:18:00,240564,1045,0.4363,11050233
537,2026-03-27 22:57:00,237139,238139,2026-03-27 23:03:00,238163,1024,0.4318,11051257
538,2026-03-30 09:25:00,235694,236694,2026-03-30 09:57:00,236750,1056,0.448,11052313
539,2026-03-30 10:05:00,235740,236740,2026-03-30 10:24:00,236796,1056,0.448,11053369
540,2026-03-27 23:16:00,237006,238006,2026-03-30 10:39:00,238124,1118,0.4717,11054487
541,2026-03-27 22:50:00,238154,239154,2026-03-30 11:21:00,239452,1298,0.545,11055785
542,2026-03-30 12:30:00,238372,239372,2026-03-30 14:02:00,239410,1038,0.4355,11056823
543,2026-03-27 22:30:00,239499,240499,2026-03-30 14:52:00,240500,1001,0.418,11057824
544,2026-03-30 16:27:00,239446,240446,2026-03-30 16:45:00,240750,1304,0.5446,11059128
545,2026-03-27 21:10:00,240664,241664,2026-03-30 17:17:00,241752,1088,0.4521,11060216
546,2026-03-27 21:05:00,241804,242804,2026-03-30 18:33:00,242914,1110,0.459,11061326
547,2026-03-30 19:11:00,239385,240385,2026-03-30 20:18:00,240447,1062,0.4436,11062388
548,2026-03-30 20:52:00,239435,240435,2026-03-30 21:03:00,240563,1128,0.4711,11063516
549,2026-03-30 18:36:00,241810,242810,2026-03-31 17:00:00,244557,2747,1.136,11066263
550,2026-03-30 18:52:00,240763,241763,2026-03-31 17:00:00,244557,3794,1.5758,11070057
551,2026-03-30 22:00:00,239514,240514,2026-03-31 17:00:00,244557,5043,2.1055,11075100
552,2026-03-30 22:40:00,238332,239332,2026-03-31 17:00:00,244557,6225,2.6119,11081325
553,2026-03-25 20:37:00,243900,244900,2026-03-31 17:09:00,245105,1205,0.4941,11082530
554,2026-03-31 18:35:00,244000,245000,2026-03-31 18:39:00,245002,1002,0.4107,11083532
555,2026-03-25 14:06:00,245047,246047,2026-03-31 19:30:00,246196,1149,0.4689,11084681
556,2026-03-20 14:01:00,246209,247209,2026-03-31 19:58:00,247300,1091,0.4431,11085772
557,2026-03-31 20:27:00,245125,246125,2026-03-31 20:31:00,246242,1117,0.4557,11086889
558,2026-03-31 20:13:00,246300,247300,2026-03-31 22:09:00,247376,1076,0.4369,11087965
559,2026-03-20 11:00:00,247504,248504,2026-03-31 22:11:00,248700,1196,0.4832,11089161
560,2026-03-20 10:13:00,248577,249577,2026-03-31 22:33:00,249712,1135,0.4566,11090296
561,2026-03-31 22:39:00,248641,249641,2026-04-01 10:37:00,249660,1019,0.4098,11091315
562,2026-03-20 09:38:00,249799,250799,2026-04-01 11:02:00,250841,1042,0.4171,11092357
563,2026-03-19 12:02:00,250424,251424,2026-04-01 11:13:00,251500,1076,0.4297,11093433
564,2026-04-01 11:25:00,250339,251339,2026-04-01 11:55:00,251350,1011,0.4039,11094444
565,2026-04-01 13:25:00,248777,249777,2026-04-01 13:52:00,249783,1006,0.4044,11095450
566,2026-04-01 14:39:00,248585,249585,2026-04-01 16:01:00,249591,1006,0.4047,11096456
567,2026-04-01 12:57:00,250100,251100,2026-04-01 17:00:00,251117,1017,0.4066,11097473
568,2026-04-01 18:31:00,249020,250020,2026-04-01 18:42:00,250089,1069,0.4293,11098542
569,2026-04-01 17:31:00,250100,251100,2026-04-01 20:33:00,251160,1060,0.4238,11099602
570,2026-04-02 09:00:00,241858,242858,2026-04-02 09:04:00,242913,1055,0.4362,11100657
571,2026-04-02 09:38:00,240747,241747,2026-04-02 10:30:00,241985,1238,0.5142,11101895
572,2026-04-02 10:44:00,240918,241918,2026-04-02 10:55:00,242073,1155,0.4794,11103050
573,2026-04-02 11:17:00,237207,238207,2026-04-02 11:23:00,238485,1278,0.5388,11104328
574,2026-04-02 11:45:00,235810,236810,2026-04-02 12:17:00,236837,1027,0.4355,11105355
575,2026-04-02 11:28:00,237427,238427,2026-04-02 12:45:00,238570,1143,0.4814,11106498
576,2026-04-02 11:10:00,238382,239382,2026-04-02 13:18:00,239499,1117,0.4686,11107615
577,2026-04-02 13:35:00,238217,239217,2026-04-02 14:09:00,239250,1033,0.4336,11108648
578,2026-04-02 16:02:00,237100,238100,2026-04-02 16:19:00,238295,1195,0.504,11109843
579,2026-04-02 17:11:00,237000,238000,2026-04-02 17:52:00,238040,1040,0.4388,11110883
580,2026-04-02 18:30:00,234981,235981,2026-04-02 18:35:00,236176,1195,0.5086,11112078
581,2026-04-02 18:44:00,235002,236002,2026-04-02 18:59:00,236157,1155,0.4915,11113233
582,2026-04-02 18:26:00,236820,237820,2026-04-02 19:17:00,237850,1030,0.4349,11114263
583,2026-04-02 14:21:00,238175,239175,2026-04-02 19:27:00,239569,1394,0.5853,11115657
584,2026-04-02 11:03:00,239435,240435,2026-04-02 19:41:00,240666,1231,0.5141,11116888
585,2026-04-02 19:44:00,239600,240600,2026-04-02 19:53:00,240738,1138,0.475,11118026
586,2026-04-02 11:00:00,240906,241906,2026-04-02 20:05:00,242248,1342,0.5571,11119368
587,2026-04-02 09:16:00,241900,242900,2026-04-02 20:13:00,243073,1173,0.4849,11120541
588,2026-04-02 20:52:00,240819,241819,2026-04-02 22:04:00,241947,1128,0.4684,11121669
589,2026-04-06 09:00:00,239663,240663,2026-04-06 09:31:00,240784,1121,0.4677,11122790
590,2026-04-06 09:00:00,239663,241663,2026-04-06 10:27:00,241680,2017,0.8416,11124807
591,2026-04-06 11:15:00,240580,241580,2026-04-06 11:23:00,241755,1175,0.4884,11125982
592,2026-04-06 11:30:00,240668,241668,2026-04-06 12:21:00,241684,1016,0.4222,11126998
593,2026-04-06 12:48:00,240595,241595,2026-04-06 13:20:00,241700,1105,0.4593,11128103
594,2026-04-02 20:20:00,241876,242876,2026-04-06 14:13:00,242901,1025,0.4238,11129128
595,2026-04-02 09:00:00,241858,243858,2026-04-06 14:32:00,243890,2032,0.8402,11131160
596,2026-04-06 17:55:00,242568,243568,2026-04-06 18:04:00,243600,1032,0.4254,11132192
597,2026-04-06 19:40:00,241599,242599,2026-04-06 19:49:00,242658,1059,0.4383,11133251
598,2026-04-06 20:45:00,241462,242462,2026-04-07 09:33:00,242573,1111,0.4601,11134362
599,2026-04-06 18:48:00,242600,243600,2026-04-07 10:24:00,243800,1200,0.4946,11135562
600,2026-04-07 12:56:00,240530,241530,2026-04-07 13:44:00,241590,1060,0.4407,11136622
601,2026-04-07 10:56:00,241667,242667,2026-04-07 14:56:00,242837,1170,0.4841,11137792
602,2026-04-07 19:36:00,234847,235847,2026-04-07 19:40:00,235973,1126,0.4795,11138918
603,2026-04-07 19:48:00,234500,235500,2026-04-07 19:53:00,236108,1608,0.6857,11140526
604,2026-04-07 19:31:00,236767,237767,2026-04-07 21:32:00,238445,1678,0.7087,11142204
605,2026-04-07 21:46:00,237421,238421,2026-04-07 22:16:00,238488,1067,0.4494,11143271
606,2026-04-07 19:11:00,238152,239152,2026-04-07 23:02:00,239295,1143,0.4799,11144414
607,2026-04-02 09:00:00,241858,244858,2026-04-08 09:00:00,251564,9706,4.0131,11154120
608,2026-04-02 09:00:00,241858,245858,2026-04-08 09:00:00,251564,9706,4.0131,11163826
609,2026-04-02 09:00:00,241858,246858,2026-04-08 09:00:00,251564,9706,4.0131,11173532
610,2026-04-02 09:00:00,241858,247858,2026-04-08 09:00:00,251564,9706,4.0131,11183238
611,2026-04-02 09:00:00,241858,248858,2026-04-08 09:00:00,251564,9706,4.0131,11192944
612,2026-04-02 09:00:00,241858,249858,2026-04-08 09:00:00,251564,9706,4.0131,11202650
613,2026-04-02 09:00:00,241858,250858,2026-04-08 09:00:00,251564,9706,4.0131,11212356
614,2026-04-07 10:47:00,242779,243779,2026-04-08 09:00:00,251564,8785,3.6185,11221141
615,2026-04-07 15:12:00,241805,242805,2026-04-08 09:00:00,251564,9759,4.0359,11230900
616,2026-04-07 16:13:00,240783,241783,2026-04-08 09:00:00,251564,10781,4.4775,11241681
617,2026-04-07 18:19:00,239417,240417,2026-04-08 09:00:00,251564,12147,5.0736,11253828
618,2026-03-19 11:52:00,252000,253000,2026-04-08 10:57:00,253103,1103,0.4377,11254931
619,2026-03-19 11:25:00,253300,254300,2026-04-08 11:20:00,254674,1374,0.5424,11256305
620,2026-04-08 14:12:00,252505,253505,2026-04-08 14:35:00,253528,1023,0.4051,11257328
621,2026-04-08 12:27:00,253638,254638,2026-04-08 17:45:00,254650,1012,0.399,11258340
622,2026-04-08 17:50:00,253637,254637,2026-04-08 18:30:00,254701,1064,0.4195,11259404
623,2026-04-08 20:26:00,247215,248215,2026-04-08 20:30:00,248554,1339,0.5416,11260743
624,2026-04-08 20:17:00,248833,249833,2026-04-08 21:20:00,249950,1117,0.4489,11261860
625,2026-04-09 09:00:00,244791,245791,2026-04-09 09:26:00,245873,1082,0.442,11262942
626,2026-04-09 12:23:00,244869,245869,2026-04-09 12:40:00,245905,1036,0.4231,11263978
627,2026-04-09 12:58:00,244850,245850,2026-04-09 14:01:00,245900,1050,0.4288,11265028
628,2026-04-09 09:00:00,244791,246791,2026-04-09 17:16:00,246793,2002,0.8178,11267030
629,2026-04-09 09:00:00,244791,247791,2026-04-09 19:06:00,247900,3109,1.2701,11270139
630,2026-04-09 09:00:00,244791,248791,2026-04-09 19:13:00,248965,4174,1.7051,11274313
631,2026-04-09 20:04:00,246909,247909,2026-04-09 20:29:00,247951,1042,0.422,11275355
632,2026-04-09 19:21:00,247932,248932,2026-04-09 20:49:00,249395,1463,0.5901,11276818
633,2026-04-08 21:46:00,248906,249906,2026-04-09 21:02:00,250316,1410,0.5665,11278228
634,2026-04-08 20:02:00,249921,250921,2026-04-09 21:34:00,250962,1041,0.4165,11279269
635,2026-04-08 19:55:00,251019,252019,2026-04-09 23:18:00,252036,1017,0.4051,11280286
636,2026-04-10 14:14:00,248811,249811,2026-04-10 16:00:00,249840,1029,0.4136,11281315
637,2026-04-10 12:07:00,249981,250981,2026-04-10 17:48:00,251031,1050,0.42,11282365
638,2026-04-10 18:16:00,249916,250916,2026-04-10 18:32:00,251024,1108,0.4433,11283473
639,2026-04-10 09:21:00,251021,252021,2026-04-10 19:45:00,252398,1377,0.5486,11284850
640,2026-04-10 20:35:00,251300,252300,2026-04-10 20:54:00,252300,1000,0.3979,11285850
641,2026-04-13 09:00:00,246165,247165,2026-04-13 13:30:00,247200,1035,0.4204,11286885
642,2026-04-13 18:10:00,245100,246100,2026-04-13 18:42:00,246136,1036,0.4227,11287921
643,2026-04-13 15:55:00,246100,247100,2026-04-13 21:58:00,247202,1102,0.4478,11289023
644,2026-04-13 09:00:00,246165,248165,2026-04-13 22:01:00,248800,2635,1.0704,11291658
645,2026-04-13 09:00:00,246165,249165,2026-04-13 22:05:00,249573,3408,1.3844,11295066
646,2026-04-08 19:12:00,252155,253155,2026-04-14 17:00:00,253591,1436,0.5695,11296502
647,2026-04-10 21:09:00,251033,252033,2026-04-14 17:00:00,253591,2558,1.019,11299060
648,2026-04-13 09:00:00,246165,250165,2026-04-14 17:00:00,253591,7426,3.0167,11306486
649,2026-04-13 22:24:00,248503,249503,2026-04-14 17:00:00,253591,5088,2.0475,11311574
650,2026-04-08 18:49:00,253580,254580,2026-04-14 17:37:00,254650,1070,0.422,11312644
651,2026-03-19 11:08:00,254586,255586,2026-04-14 19:06:00,255827,1241,0.4875,11313885
652,2026-03-19 11:00:00,255945,256945,2026-04-14 19:31:00,256953,1008,0.3938,11314893
653,2026-03-19 09:00:00,257674,258674,2026-04-14 20:04:00,258754,1080,0.4191,11315973
654,2026-04-14 20:34:00,257451,258451,2026-04-14 21:06:00,258481,1030,0.4001,11317003
655,2026-03-19 09:00:00,257674,259674,2026-04-14 22:00:00,259700,2026,0.7863,11319029
656,2026-03-18 19:41:00,260166,261166,2026-04-15 09:01:00,261800,1634,0.6281,11320663
657,2026-04-15 15:17:00,256550,257550,2026-04-15 15:39:00,257751,1201,0.4681,11321864
658,2026-04-15 14:57:00,257555,258555,2026-04-15 17:16:00,258600,1045,0.4057,11322909
659,2026-04-15 18:12:00,257561,258561,2026-04-15 18:35:00,258681,1120,0.4348,11324029
660,2026-04-15 12:40:00,258700,259700,2026-04-15 18:50:00,259840,1140,0.4407,11325169
661,2026-04-15 11:06:00,259749,260749,2026-04-15 19:27:00,260849,1100,0.4235,11326269
662,2026-04-15 09:23:00,260750,261750,2026-04-15 19:44:00,261771,1021,0.3916,11327290
663,2026-04-15 21:00:00,258144,259144,2026-04-15 21:08:00,259180,1036,0.4013,11328326
664,2026-04-15 20:09:00,260631,261631,2026-04-16 09:00:00,261686,1055,0.4048,11329381
665,2026-04-15 20:36:00,259565,260565,2026-04-16 09:00:00,261686,2121,0.8171,11331502
666,2026-04-16 13:52:00,259520,260520,2026-04-16 16:44:00,260550,1030,0.3969,11332532
667,2026-04-16 20:10:00,256284,257284,2026-04-16 20:30:00,257306,1022,0.3988,11333554
668,2026-04-16 19:22:00,257438,258438,2026-04-16 20:40:00,258442,1004,0.39,11334558
669,2026-04-16 23:05:00,256212,257212,2026-04-17 09:00:00,257380,1168,0.4559,11335726
670,2026-04-17 11:40:00,256380,257380,2026-04-17 14:03:00,257393,1013,0.3951,11336739
671,2026-04-16 20:59:00,257238,258238,2026-04-17 14:26:00,258270,1032,0.4012,11337771
672,2026-04-16 19:22:00,257438,259438,2026-04-17 17:23:00,259450,2012,0.7815,11339783
673,2026-04-16 17:39:00,259500,260500,2026-04-17 18:00:00,260500,1000,0.3854,11340783
674,2026-04-16 11:13:00,260566,261566,2026-04-17 18:19:00,262265,1699,0.652,11342482
675,2026-03-18 17:40:00,261833,262833,2026-04-17 18:24:00,262845,1012,0.3865,11343494
676,2026-03-18 17:10:00,263196,264196,2026-04-17 18:38:00,264579,1383,0.5255,11344877
677,2026-03-18 16:56:00,264209,265209,2026-04-17 18:40:00,265900,1691,0.64,11346568
678,2026-04-17 18:45:00,264321,265321,2026-04-17 19:05:00,265380,1059,0.4006,11347627
679,2026-03-17 20:59:00,266318,267318,2026-04-17 20:01:00,267337,1019,0.3826,11348646
680,2026-03-17 20:39:00,267397,268397,2026-04-17 20:11:00,268614,1217,0.4551,11349863
681,2026-04-20 11:22:00,258909,259909,2026-04-20 12:12:00,259947,1038,0.4009,11350901
682,2026-04-20 09:16:00,259911,260911,2026-04-20 12:53:00,260960,1049,0.4036,11351950
683,2026-04-20 13:00:00,259852,260852,2026-04-20 18:38:00,260947,1095,0.4214,11353045
684,2026-04-20 20:33:00,259738,260738,2026-04-20 22:46:00,260749,1011,0.3892,11354056
685,2026-04-21 09:00:00,258444,259444,2026-04-21 11:05:00,259499,1055,0.4082,11355111
686,2026-04-21 18:54:00,257123,258123,2026-04-21 19:17:00,258200,1077,0.4189,11356188
687,2026-04-21 22:29:00,250810,251810,2026-04-21 22:32:00,252007,1197,0.4773,11357385
688,2026-04-21 22:45:00,251000,252000,2026-04-21 22:50:00,252102,1102,0.439,11358487
689,2026-04-21 22:17:00,251927,252927,2026-04-21 23:11:00,252947,1020,0.4049,11359507
690,2026-04-21 20:16:00,255241,256241,2026-04-22 09:00:00,256900,1659,0.65,11361166
691,2026-04-21 20:27:00,254184,255184,2026-04-22 09:00:00,256900,2716,1.0685,11363882
692,2026-04-21 21:50:00,253012,254012,2026-04-22 09:00:00,256900,3888,1.5367,11367770
693,2026-04-21 20:10:00,256591,257591,2026-04-22 10:48:00,257794,1203,0.4688,11368973
694,2026-04-22 18:14:00,255613,256613,2026-04-22 19:15:00,256980,1367,0.5348,11370340
695,2026-04-23 09:00:00,251295,252295,2026-04-23 09:11:00,252360,1065,0.4238,11371405
696,2026-04-23 11:00:00,251099,252099,2026-04-23 11:20:00,252116,1017,0.405,11372422
697,2026-04-23 15:51:00,248622,249622,2026-04-23 17:14:00,249750,1128,0.4537,11373550
698,2026-04-23 14:39:00,250000,251000,2026-04-23 17:30:00,251100,1100,0.44,11374650
699,2026-04-23 14:15:00,251100,252100,2026-04-23 17:40:00,252254,1154,0.4596,11375804
700,2026-04-23 09:00:00,251295,253295,2026-04-23 17:47:00,254076,2781,1.1067,11378585
701,2026-04-23 09:00:00,251295,254295,2026-04-23 18:01:00,254546,3251,1.2937,11381836
702,2026-04-23 19:31:00,251410,252410,2026-04-23 19:53:00,252470,1060,0.4216,11382896
703,2026-04-23 23:13:00,249039,250039,2026-04-23 23:28:00,250135,1096,0.4401,11383992
704,2026-04-24 11:59:00,247439,248439,2026-04-24 13:22:00,248441,1002,0.4049,11384994
705,2026-04-24 13:41:00,247414,248414,2026-04-24 14:30:00,248494,1080,0.4365,11386074
706,2026-04-24 09:00:00,248601,249601,2026-04-24 16:34:00,249731,1130,0.4545,11387204
707,2026-04-23 22:54:00,250091,251091,2026-04-24 16:41:00,251091,1000,0.3999,11388204
708,2026-04-23 22:39:00,251103,252103,2026-04-24 16:57:00,252500,1397,0.5563,11389601
709,2026-04-24 17:17:00,250861,251861,2026-04-24 17:21:00,251956,1095,0.4365,11390696
710,2026-04-24 18:13:00,250900,251900,2026-04-24 19:19:00,251946,1046,0.4169,11391742
711,2026-04-24 20:46:00,250766,251766,2026-04-24 21:14:00,251970,1204,0.4801,11392946
712,2026-04-23 18:56:00,252421,253421,2026-04-27 09:07:00,253498,1077,0.4267,11394023
713,2026-04-27 20:32:00,249740,250740,2026-04-27 21:00:00,250917,1177,0.4713,11395200
714,2026-04-28 11:10:00,246244,247244,2026-04-28 11:36:00,247274,1030,0.4183,11396230
715,2026-04-28 11:52:00,246177,247177,2026-04-28 14:02:00,247231,1054,0.4281,11397284
716,2026-04-28 17:07:00,244028,245028,2026-04-28 17:42:00,245269,1241,0.5085,11398525
717,2026-04-28 16:57:00,245183,246183,2026-04-28 17:50:00,246714,1531,0.6244,11400056
718,2026-04-28 14:53:00,246192,247192,2026-04-28 18:15:00,247441,1249,0.5073,11401305
719,2026-04-28 18:38:00,245223,246223,2026-04-28 19:12:00,246239,1016,0.4143,11402321
720,2026-04-28 19:32:00,245007,246007,2026-04-28 21:17:00,246089,1082,0.4416,11403403
721,2026-04-28 18:30:00,246292,247292,2026-04-29 09:00:00,247700,1408,0.5717,11404811
722,2026-04-29 14:04:00,244494,245494,2026-04-29 14:24:00,245520,1026,0.4196,11405837
723,2026-04-29 15:26:00,244407,245407,2026-04-29 15:46:00,245489,1082,0.4427,11406919
724,2026-04-29 19:10:00,241777,242777,2026-04-29 19:26:00,242956,1179,0.4876,11408098
725,2026-04-29 18:50:00,242806,243806,2026-04-30 09:00:00,244229,1423,0.5861,11409521
726,2026-04-30 10:00:00,243018,244018,2026-04-30 10:59:00,244054,1036,0.4263,11410557
727,2026-04-29 18:19:00,244205,245205,2026-04-30 11:16:00,245374,1169,0.4787,11411726
728,2026-04-29 13:09:00,245500,246500,2026-04-30 12:15:00,246510,1010,0.4114,11412736
729,2026-04-29 12:05:00,246551,247551,2026-04-30 12:40:00,247600,1049,0.4255,11413785
730,2026-04-28 11:01:00,247399,248399,2026-04-30 13:36:00,248460,1061,0.4289,11414846
731,2026-04-30 14:49:00,247329,248329,2026-04-30 15:00:00,248367,1038,0.4197,11415884
732,2026-04-30 20:09:00,246253,247253,2026-04-30 20:54:00,247262,1009,0.4097,11416893
733,2026-04-30 19:08:00,247321,248321,2026-04-30 23:00:00,248356,1035,0.4185,11417928
734,2026-04-28 10:36:00,248587,249587,2026-05-01 17:45:00,249591,1004,0.4039,11418932
735,2026-04-28 09:22:00,249872,250872,2026-05-01 17:51:00,251200,1328,0.5315,11420260
736,2026-04-27 18:11:00,251085,252085,2026-05-01 17:54:00,252129,1044,0.4158,11421304
737,2026-05-01 18:11:00,251081,252081,2026-05-01 19:02:00,252150,1069,0.4258,11422373
738,2026-04-27 11:00:00,252477,253477,2026-05-01 19:20:00,253502,1025,0.406,11423398
739,2026-04-23 18:19:00,253508,254508,2026-05-01 19:25:00,255238,1730,0.6824,11425128
740,2026-04-23 09:00:00,251295,255295,2026-05-01 19:30:00,255451,4156,1.6538,11429284
741,2026-04-22 20:06:00,255946,256946,2026-05-01 19:46:00,257000,1054,0.4118,11430338
742,2026-05-01 20:31:00,253564,254564,2026-05-01 20:48:00,254609,1045,0.4121,11431383
743,2026-05-04 13:34:00,250157,251157,2026-05-04 14:42:00,251195,1038,0.4149,11432421
744,2026-05-04 15:52:00,245315,246315,2026-05-04 15:54:00,246442,1127,0.4594,11433548
745,2026-05-04 15:42:00,247028,248028,2026-05-04 16:03:00,248126,1098,0.4445,11434646
746,2026-05-04 15:35:00,248520,249520,2026-05-04 17:46:00,250012,1492,0.6004,11436138
747,2026-05-04 15:32:00,249746,250746,2026-05-04 17:51:00,250817,1071,0.4288,11437209
748,2026-05-04 18:56:00,248777,249777,2026-05-04 19:11:00,249821,1044,0.4197,11438253
749,2026-05-04 17:55:00,249800,250800,2026-05-04 19:52:00,251222,1422,0.5693,11439675
750,2026-05-04 20:51:00,247065,248065,2026-05-04 20:53:00,248087,1022,0.4137,11440697
751,2026-05-05 09:13:00,247083,248083,2026-05-05 10:41:00,248093,1010,0.4088,11441707
752,2026-05-04 20:49:00,248761,249761,2026-05-05 15:01:00,249786,1025,0.412,11442732
753,2026-05-05 16:24:00,248747,249747,2026-05-05 17:41:00,249774,1027,0.4129,11443759
754,2026-05-05 22:01:00,247403,248403,2026-05-05 22:26:00,248422,1019,0.4119,11444778
755,2026-05-04 10:35:00,252470,253470,2026-05-06 09:00:00,253924,1454,0.5759,11446232
756,2026-05-04 12:16:00,251463,252463,2026-05-06 09:00:00,253924,2461,0.9787,11448693
757,2026-05-04 20:23:00,250173,251173,2026-05-06 09:00:00,253924,3751,1.4994,11452444
758,2026-05-05 21:33:00,248640,249640,2026-05-06 09:00:00,253924,5284,2.1252,11457728
759,2026-05-04 09:09:00,253500,254500,2026-05-06 11:18:00,254553,1053,0.4154,11458781
760,2026-05-01 20:09:00,254805,255805,2026-05-06 14:22:00,256175,1370,0.5377,11460151
761,2026-05-01 19:59:00,255866,256866,2026-05-06 15:30:00,256949,1083,0.4233,11461234
762,2026-04-22 14:03:00,256698,257698,2026-05-06 15:57:00,257735,1037,0.404,11462271
763,2026-05-06 17:48:00,254240,255240,2026-05-06 17:51:00,255250,1010,0.3973,11463281
764,2026-05-06 17:32:00,255329,256329,2026-05-06 18:31:00,256555,1226,0.4802,11464507
765,2026-05-06 17:14:00,256498,257498,2026-05-06 19:42:00,257547,1049,0.409,11465556
766,2026-05-06 20:43:00,256365,257365,2026-05-07 09:00:00,258551,2186,0.8527,11467742
767,2026-04-21 18:35:00,258260,259260,2026-05-07 10:44:00,259350,1090,0.4221,11468832
768,2026-04-21 09:00:00,258444,260444,2026-05-07 11:59:00,260450,2006,0.7762,11470838
769,2026-04-20 09:00:00,261000,262000,2026-05-07 13:21:00,262070,1070,0.41,11471908
770,2026-05-07 14:20:00,261000,262000,2026-05-07 15:01:00,262041,1041,0.3989,11472949
771,2026-04-20 09:00:00,261000,263000,2026-05-07 15:42:00,263000,2000,0.7663,11474949
772,2026-04-20 09:00:00,261000,264000,2026-05-07 16:56:00,264000,3000,1.1494,11477949
773,2026-04-17 22:58:00,264083,265083,2026-05-07 17:33:00,265118,1035,0.3919,11478984
774,2026-04-17 22:40:00,265115,266115,2026-05-07 17:46:00,266359,1244,0.4692,11480228
775,2026-05-07 17:52:00,265037,266037,2026-05-07 17:55:00,266098,1061,0.4003,11481289
776,2026-05-07 18:32:00,264995,265995,2026-05-07 19:42:00,266225,1230,0.4642,11482519
777,2026-04-17 20:50:00,266329,267329,2026-05-07 20:24:00,267450,1121,0.4209,11483640
778,2026-05-07 21:48:00,260914,261914,2026-05-07 21:50:00,262260,1346,0.5159,11484986
779,2026-05-07 21:42:00,261959,262959,2026-05-07 21:53:00,263263,1304,0.4978,11486290
780,2026-05-07 22:48:00,260900,261900,2026-05-07 23:28:00,261990,1090,0.4178,11487380
781,2026-05-07 22:00:00,261952,262952,2026-05-08 09:00:00,263149,1197,0.457,11488577
782,2026-05-07 21:36:00,263100,264100,2026-05-08 09:04:00,264445,1345,0.5112,11489922
783,2026-05-08 10:05:00,262050,263050,2026-05-08 10:49:00,263200,1150,0.4388,11491072
784,2026-05-08 09:18:00,263312,264312,2026-05-08 11:25:00,264344,1032,0.3919,11492104
785,2026-05-07 21:22:00,264117,265117,2026-05-08 11:36:00,265175,1058,0.4006,11493162
786,2026-05-08 12:52:00,262689,263689,2026-05-08 13:15:00,263857,1168,0.4446,11494330
787,2026-05-08 12:36:00,264049,265049,2026-05-08 18:03:00,265495,1446,0.5476,11495776
788,2026-05-07 20:56:00,265296,266296,2026-05-08 18:13:00,266500,1204,0.4538,11496980
789,2026-05-08 18:36:00,265434,266434,2026-05-08 19:05:00,266794,1360,0.5124,11498340
790,2026-05-08 20:00:00,264560,265560,2026-05-11 09:00:00,265899,1339,0.5061,11499679
791,2026-05-08 20:47:00,263502,264502,2026-05-11 09:00:00,265899,2397,0.9097,11502076
792,2026-05-11 11:25:00,263391,264391,2026-05-11 11:48:00,264406,1015,0.3854,11503091
793,2026-05-11 09:08:00,264549,265549,2026-05-11 16:23:00,265599,1050,0.3969,11504141
794,2026-05-08 19:36:00,265716,266716,2026-05-11 17:10:00,266947,1231,0.4633,11505372
795,2026-05-07 20:39:00,266402,267402,2026-05-11 17:12:00,267540,1138,0.4272,11506510
796,2026-05-11 17:21:00,266513,267513,2026-05-11 17:28:00,267549,1036,0.3887,11507546
797,2026-04-17 20:29:00,267406,268406,2026-05-11 17:51:00,269582,2176,0.8137,11509722
798,2026-03-17 19:55:00,268599,269599,2026-05-11 17:52:00,270211,1612,0.6002,11511334
799,2026-03-17 19:23:00,269775,270775,2026-05-11 17:54:00,271505,1730,0.6413,11513064
800,2026-05-11 17:55:00,270200,271200,2026-05-11 17:57:00,271282,1082,0.4004,11514146
801,2026-03-17 11:26:00,271050,272050,2026-05-11 18:00:00,272134,1084,0.3999,11515230
802,2026-03-17 11:17:00,272110,273110,2026-05-11 18:24:00,273348,1238,0.455,11516468
803,2026-03-17 11:03:00,273256,274256,2026-05-11 18:28:00,274483,1227,0.449,11517695
804,2026-03-13 20:22:00,274221,275221,2026-05-11 18:34:00,275368,1147,0.4183,11518842
805,2026-03-13 19:47:00,275589,276589,2026-05-11 18:38:00,277188,1599,0.5802,11520441
806,2026-03-13 19:42:00,276886,277886,2026-05-11 18:56:00,278000,1114,0.4023,11521555
807,2026-03-13 19:25:00,278568,279568,2026-05-11 19:11:00,279687,1119,0.4017,11522674
808,2026-05-11 19:36:00,275432,276432,2026-05-11 19:38:00,276796,1364,0.4952,11524038
809,2026-05-11 19:32:00,276850,277850,2026-05-11 19:43:00,277855,1005,0.363,11525043
810,2026-05-11 19:57:00,276313,277313,2026-05-11 20:12:00,277579,1266,0.4582,11526309
811,2026-05-11 19:17:00,278357,279357,2026-05-11 20:53:00,279425,1068,0.3837,11527377
812,2026-05-11 22:12:00,278113,279113,2026-05-11 23:01:00,279224,1111,0.3995,11528488
813,2026-03-13 18:40:00,279583,280583,2026-05-12 09:00:00,281372,1789,0.6399,11530277
814,2026-03-12 21:38:00,281429,282429,2026-05-12 09:01:00,282694,1265,0.4495,11531542
815,2026-03-13 09:52:00,280397,281397,2026-05-12 09:01:00,282694,2297,0.8192,11533839
816,2026-03-12 19:25:00,283268,284268,2026-05-12 09:07:00,284320,1052,0.3714,11534891
817,2026-05-12 09:15:00,282814,283814,2026-05-12 09:45:00,284059,1245,0.4402,11536136
818,2026-05-12 12:25:00,276068,277068,2026-05-12 12:28:00,277191,1123,0.4068,11537259
819,2026-05-12 12:33:00,275851,276851,2026-05-12 12:39:00,277111,1260,0.4568,11538519
820,2026-05-12 12:19:00,277201,278201,2026-05-12 12:46:00,278465,1264,0.456,11539783
821,2026-05-12 11:58:00,278605,279605,2026-05-12 13:24:00,279797,1192,0.4278,11540975
822,2026-05-12 13:41:00,277752,278752,2026-05-12 13:52:00,278842,1090,0.3924,11542065
823,2026-05-12 14:02:00,277836,278836,2026-05-12 14:15:00,278880,1044,0.3758,11543109
824,2026-05-12 14:44:00,277879,278879,2026-05-12 15:39:00,278919,1040,0.3743,11544149
825,2026-05-12 16:09:00,276250,277250,2026-05-12 17:12:00,277273,1023,0.3703,11545172
826,2026-05-12 16:00:00,277452,278452,2026-05-12 18:13:00,278900,1448,0.5219,11546620
827,2026-05-12 13:39:00,278765,279765,2026-05-12 18:22:00,280144,1379,0.4947,11547999
828,2026-05-12 18:28:00,278873,279873,2026-05-12 18:30:00,280164,1291,0.4629,11549290
829,2026-05-12 18:46:00,277755,278755,2026-05-12 18:52:00,278756,1001,0.3604,11550291
830,2026-05-12 18:42:00,278946,279946,2026-05-12 19:07:00,280299,1353,0.485,11551644
831,2026-05-12 11:39:00,279614,280614,2026-05-12 19:09:00,281133,1519,0.5432,11553163
832,2026-05-12 19:26:00,280132,281132,2026-05-12 19:42:00,281159,1027,0.3666,11554190
833,2026-05-12 20:52:00,276421,277421,2026-05-12 20:59:00,277500,1079,0.3903,11555269
834,2026-05-12 20:47:00,277881,278881,2026-05-12 21:24:00,278918,1037,0.3732,11556306
835,2026-05-12 20:31:00,278974,279974,2026-05-12 22:31:00,280152,1178,0.4223,11557484
836,2026-03-03 17:00:00,277365,291365,2026-05-13 09:00:00,297393,20028,7.2208,11577512
837,2026-03-03 17:00:00,277365,292365,2026-05-13 09:00:00,297393,20028,7.2208,11597540
838,2026-03-03 17:00:00,277365,293365,2026-05-13 09:00:00,297393,20028,7.2208,11617568
839,2026-03-03 17:00:00,277365,294365,2026-05-13 09:00:00,297393,20028,7.2208,11637596
840,2026-03-03 17:00:00,277365,295365,2026-05-13 09:00:00,297393,20028,7.2208,11657624
841,2026-03-03 17:00:00,277365,296365,2026-05-13 09:00:00,297393,20028,7.2208,11677652
842,2026-03-11 09:00:00,287616,288616,2026-05-13 09:00:00,297393,9777,3.3993,11687429
843,2026-03-11 11:00:00,285423,287423,2026-05-13 09:00:00,297393,11970,4.1938,11699399
844,2026-03-12 18:50:00,285394,286394,2026-05-13 09:00:00,297393,11999,4.2044,11711398
845,2026-03-12 19:03:00,284353,285353,2026-05-13 09:00:00,297393,13040,4.5858,11724438
846,2026-05-12 10:12:00,282930,283930,2026-05-13 09:00:00,297393,14463,5.1119,11738901
847,2026-05-12 10:41:00,281910,282910,2026-05-13 09:00:00,297393,15483,5.4922,11754384
848,2026-05-12 11:30:00,280704,281704,2026-05-13 09:00:00,297393,16689,5.9454,11771073
849,2026-05-12 20:02:00,280100,281100,2026-05-13 09:00:00,297393,17293,6.1739,11788366
850,2026-03-02 21:22:00,299900,300900,2026-05-13 09:15:00,301000,1100,0.3668,11789466
851,2026-03-02 21:27:00,298216,299216,2026-05-13 09:15:00,301000,2784,0.9336,11792250
852,2026-03-02 21:30:00,294525,297525,2026-05-13 09:15:00,301000,6475,2.1985,11798725
853,2026-05-13 09:17:00,297576,298576,2026-05-13 09:19:00,298649,1073,0.3606,11799798
854,2026-05-13 09:17:00,297576,299576,2026-05-13 09:21:00,299817,2241,0.7531,11802039
855,2026-05-13 09:17:00,297576,300576,2026-05-13 09:22:00,300657,3081,1.0354,11805120
856,2026-05-13 11:00:00,295850,296850,2026-05-13 11:26:00,296945,1095,0.3701,11806215
857,2026-05-13 10:55:00,296916,297916,2026-05-13 11:42:00,298080,1164,0.392,11807379
858,2026-05-13 13:56:00,297034,298034,2026-05-13 15:30:00,298177,1143,0.3848,11808522
859,2026-05-13 09:25:00,298000,299000,2026-05-13 15:38:00,299377,1377,0.4621,11809899
860,2026-05-13 15:45:00,298357,299357,2026-05-13 17:03:00,299494,1137,0.3811,11811036
861,2026-05-13 17:52:00,297996,298996,2026-05-13 18:47:00,299015,1019,0.342,11812055
862,2026-05-13 09:23:00,299363,300363,2026-05-13 19:55:00,300566,1203,0.4019,11813258
863,2026-03-02 21:16:00,301193,302193,2026-05-13 20:04:00,302200,1007,0.3343,11814265
864,2026-03-02 21:16:00,301193,303193,2026-05-13 20:41:00,303249,2056,0.6826,11816321
865,2026-03-02 19:51:00,303715,304715,2026-05-13 21:32:00,304872,1157,0.3809,11817478
866,2026-03-02 19:49:00,305200,306200,2026-05-13 22:09:00,306202,1002,0.3283,11818480
867,2026-05-13 22:21:00,303560,304560,2026-05-13 22:31:00,304669,1109,0.3653,11819589
868,2026-05-13 23:14:00,301280,302280,2026-05-13 23:29:00,302700,1420,0.4713,11821009
869,2026-05-14 09:25:00,296817,297817,2026-05-14 09:39:00,298110,1293,0.4356,11822302
870,2026-05-14 09:08:00,298297,299297,2026-05-14 09:51:00,299405,1108,0.3714,11823410
871,2026-05-14 09:00:00,299467,300467,2026-05-14 09:56:00,300580,1113,0.3717,11824523
872,2026-05-14 10:28:00,299511,300511,2026-05-14 11:10:00,300536,1025,0.3422,11825548
873,2026-05-14 12:43:00,298231,299231,2026-05-14 12:55:00,299284,1053,0.3531,11826601
874,2026-05-14 16:56:00,298175,299175,2026-05-14 17:46:00,299308,1133,0.38,11827734
875,2026-05-14 18:49:00,293659,294659,2026-05-14 18:51:00,295293,1634,0.5564,11829368
876,2026-05-14 19:06:00,291625,292625,2026-05-14 19:08:00,292830,1205,0.4132,11830573
877,2026-05-14 19:29:00,290291,291291,2026-05-14 19:32:00,291373,1082,0.3727,11831655
878,2026-05-14 19:37:00,289753,290753,2026-05-14 19:40:00,290958,1205,0.4159,11832860
879,2026-05-14 19:11:00,291802,292802,2026-05-14 19:47:00,293073,1271,0.4356,11834131
880,2026-05-14 19:55:00,291842,292842,2026-05-14 20:01:00,293027,1185,0.406,11835316
881,2026-05-14 19:00:00,292748,293748,2026-05-14 20:10:00,293800,1052,0.3594,11836368
882,2026-05-14 20:23:00,292761,293761,2026-05-14 20:48:00,293826,1065,0.3638,11837433
883,2026-05-14 18:57:00,293879,294879,2026-05-14 21:03:00,294915,1036,0.3525,11838469
884,2026-05-15 09:00:00,283618,284618,2026-05-15 09:07:00,284748,1130,0.3984,11839599
885,2026-05-15 09:00:00,283618,285618,2026-05-15 09:12:00,285864,2246,0.7919,11841845
886,2026-05-15 09:17:00,284643,285643,2026-05-15 09:35:00,285675,1032,0.3626,11842877
887,2026-05-15 11:17:00,275875,276875,2026-05-15 11:20:00,277629,1754,0.6358,11844631
888,2026-05-15 11:40:00,275380,276380,2026-05-15 11:42:00,276697,1317,0.4782,11845948
889,2026-05-15 11:22:00,276600,277600,2026-05-15 11:45:00,277850,1250,0.4519,11847198
890,2026-05-15 11:08:00,277180,278180,2026-05-15 11:46:00,278501,1321,0.4766,11848519
891,2026-05-15 11:55:00,277402,278402,2026-05-15 12:41:00,278607,1205,0.4344,11849724
892,2026-05-15 11:04:00,278189,279189,2026-05-15 12:43:00,279309,1120,0.4026,11850844
893,2026-05-15 13:46:00,276778,277778,2026-05-15 14:11:00,277849,1071,0.387,11851915
894,2026-05-15 14:47:00,275745,276745,2026-05-15 14:59:00,276851,1106,0.4011,11853021
895,2026-05-15 15:19:00,274331,275331,2026-05-15 15:30:00,275451,1120,0.4083,11854141
896,2026-05-15 15:08:00,275775,276775,2026-05-15 15:42:00,276786,1011,0.3666,11855152
897,2026-05-15 14:41:00,276750,277750,2026-05-15 15:52:00,277924,1174,0.4242,11856326
898,2026-05-15 16:04:00,276718,277718,2026-05-15 16:14:00,277900,1182,0.4271,11857508
899,2026-05-15 13:31:00,277950,278950,2026-05-15 16:21:00,279122,1172,0.4217,11858680
900,2026-05-15 17:09:00,276551,277551,2026-05-15 17:16:00,277780,1229,0.4444,11859909
901,2026-05-15 18:39:00,273800,274800,2026-05-15 18:48:00,275034,1234,0.4507,11861143
902,2026-05-15 19:15:00,271667,272667,2026-05-15 19:18:00,272923,1256,0.4623,11862399
903,2026-05-15 19:13:00,272746,273746,2026-05-15 19:25:00,273798,1052,0.3857,11863451
904,2026-05-15 19:30:00,272711,273711,2026-05-15 19:42:00,273744,1033,0.3788,11864484
905,2026-05-15 20:16:00,272732,273732,2026-05-15 20:26:00,273741,1009,0.37,11865493
906,2026-05-15 20:54:00,272669,273669,2026-05-15 22:40:00,273711,1042,0.3821,11866535
907,2026-05-15 19:06:00,273850,274850,2026-05-15 22:56:00,275450,1600,0.5843,11868135
908,2026-05-18 09:04:00,270300,271300,2026-05-18 09:12:00,271456,1156,0.4277,11869291
909,2026-05-18 09:00:00,271605,272605,2026-05-18 09:19:00,272610,1005,0.37,11870296
910,2026-05-18 09:00:00,271605,273605,2026-05-18 09:25:00,274278,2673,0.9841,11872969
911,2026-05-15 18:29:00,274937,275937,2026-05-18 09:30:00,275999,1062,0.3863,11874031
912,2026-05-15 23:25:00,274405,275405,2026-05-18 09:30:00,275999,1594,0.5809,11875625
913,2026-05-18 09:53:00,274170,275170,2026-05-18 10:01:00,275370,1200,0.4377,11876825
914,2026-05-18 10:25:00,273078,274078,2026-05-18 10:29:00,274126,1048,0.3838,11877873
915,2026-05-18 10:45:00,273100,274100,2026-05-18 10:48:00,274350,1250,0.4577,11879123
916,2026-05-18 11:28:00,273219,274219,2026-05-18 11:52:00,274381,1162,0.4253,11880285
917,2026-05-18 10:09:00,274227,275227,2026-05-18 12:26:00,275346,1119,0.4081,11881404
918,2026-05-15 18:06:00,276468,277468,2026-05-18 17:09:00,277604,1136,0.4109,11882540
919,2026-05-15 16:34:00,278100,279100,2026-05-18 17:12:00,279198,1098,0.3948,11883638
920,2026-05-15 11:01:00,279498,280498,2026-05-18 18:04:00,280828,1330,0.4759,11884968
921,2026-05-15 10:53:00,281095,282095,2026-05-18 18:30:00,282221,1126,0.4006,11886094
922,2026-05-18 18:32:00,281100,282100,2026-05-18 18:56:00,282186,1086,0.3863,11887180
923,2026-05-18 19:35:00,280306,281306,2026-05-18 19:39:00,281448,1142,0.4074,11888322
924,2026-05-18 20:33:00,277749,278749,2026-05-18 20:42:00,278787,1038,0.3737,11889360
925,2026-05-18 20:03:00,278841,279841,2026-05-18 21:26:00,279869,1028,0.3687,11890388
926,2026-05-18 21:56:00,278786,279786,2026-05-18 22:21:00,279819,1033,0.3705,11891421
927,2026-05-19 09:00:00,278632,279632,2026-05-19 09:23:00,279638,1006,0.361,11892427
928,2026-05-19 09:56:00,277278,278278,2026-05-19 10:30:00,278350,1072,0.3866,11893499
929,2026-05-19 10:53:00,276951,277951,2026-05-19 11:37:00,277964,1013,0.3658,11894512
930,2026-05-19 12:50:00,276874,277874,2026-05-19 13:26:00,277961,1087,0.3926,11895599
931,2026-05-19 13:56:00,276950,277950,2026-05-19 16:41:00,277950,1000,0.3611,11896599
932,2026-05-19 17:09:00,276900,277900,2026-05-19 17:55:00,278145,1245,0.4496,11897844
933,2026-05-19 19:01:00,270015,271015,2026-05-19 19:02:00,271016,1001,0.3707,11898845
934,2026-05-19 18:59:00,271067,272067,2026-05-19 19:16:00,272106,1039,0.3833,11899884
935,2026-05-19 18:56:00,272090,273090,2026-05-19 19:20:00,273176,1086,0.3991,11900970
936,2026-05-19 19:51:00,271913,272913,2026-05-19 20:00:00,272940,1027,0.3777,11901997
937,2026-05-19 20:23:00,271500,272500,2026-05-19 20:28:00,272508,1008,0.3713,11903005
938,2026-05-20 09:56:00,270203,271203,2026-05-20 10:31:00,271350,1147,0.4245,11904152
939,2026-05-20 09:01:00,271458,272458,2026-05-20 11:02:00,272679,1221,0.4498,11905373
940,2026-05-19 18:53:00,273112,274112,2026-05-20 12:19:00,275065,1953,0.7151,11907326
941,2026-05-19 18:51:00,274701,275701,2026-05-20 14:16:00,275781,1080,0.3932,11908406
942,2026-05-19 18:47:00,275929,276929,2026-05-20 16:05:00,276986,1057,0.3831,11909463
943,2026-05-20 16:51:00,275969,276969,2026-05-20 17:00:00,277030,1061,0.3845,11910524
944,2026-05-20 17:46:00,276028,277028,2026-05-20 18:18:00,277066,1038,0.376,11911562
945,2026-05-20 19:42:00,273329,274329,2026-05-20 19:45:00,274862,1533,0.5609,11913095
946,2026-05-20 18:59:00,274555,275555,2026-05-20 19:46:00,276142,1587,0.578,11914682
947,2026-05-20 18:34:00,275730,276730,2026-05-20 19:50:00,276753,1023,0.371,11915705
948,2026-05-19 18:34:00,276997,277997,2026-05-20 20:00:00,278385,1388,0.5011,11917093
949,2026-05-20 20:36:00,277346,278346,2026-05-20 20:46:00,278465,1119,0.4035,11918212
950,2026-05-21 12:18:00,273979,274979,2026-05-21 13:40:00,275049,1070,0.3905,11919282
951,2026-05-21 11:01:00,275004,276004,2026-05-21 14:51:00,276150,1146,0.4167,11920428
952,2026-05-21 15:56:00,273953,274953,2026-05-21 19:22:00,275245,1292,0.4716,11921720
953,2026-05-21 15:18:00,275150,276150,2026-05-21 21:30:00,276664,1514,0.5502,11923234
954,2026-05-21 09:19:00,276170,277170,2026-05-21 22:40:00,277350,1180,0.4273,11924414
955,2026-05-20 20:55:00,277175,278175,2026-05-21 22:51:00,278250,1075,0.3878,11925489
956,2026-05-22 11:27:00,276912,277912,2026-05-22 11:53:00,278025,1113,0.4019,11926602
957,2026-05-22 18:02:00,275629,276629,2026-05-22 18:29:00,276774,1145,0.4154,11927747
958,2026-05-22 19:53:00,274444,275444,2026-05-22 20:35:00,275718,1274,0.4642,11929021
959,2026-05-22 19:44:00,275527,276527,2026-05-22 21:58:00,276567,1040,0.3775,11930061
960,2026-05-19 09:33:00,278468,279468,2026-05-25 09:00:00,279550,1082,0.3886,11931143
961,2026-05-22 12:40:00,276800,277800,2026-05-25 09:00:00,279550,2750,0.9935,11933893
962,2026-05-26 12:47:00,274596,275596,2026-05-26 15:58:00,275726,1130,0.4115,11935023
963,2026-05-26 18:00:00,274510,275510,2026-05-26 22:50:00,275601,1091,0.3974,11936114
964,2026-05-26 23:09:00,274560,275560,2026-05-27 09:00:00,276379,1819,0.6625,11937933
965,2026-05-26 10:27:00,275648,276648,2026-05-27 10:19:00,276658,1010,0.3664,11938943
966,2026-05-27 11:55:00,271557,272557,2026-05-27 14:14:00,272653,1096,0.4036,11940039
967,2026-05-27 17:00:00,268472,269472,2026-05-27 17:14:00,269548,1076,0.4008,11941115
968,2026-05-27 17:28:00,268400,269400,2026-05-27 17:35:00,269489,1089,0.4057,11942204
969,2026-05-27 16:21:00,270116,271116,2026-05-27 17:51:00,271208,1092,0.4043,11943296
970,2026-05-27 18:50:00,269083,270083,2026-05-27 19:03:00,270100,1017,0.378,11944313
971,2026-05-28 17:19:00,266033,267033,2026-05-28 18:07:00,267164,1131,0.4251,11945444
972,2026-05-28 17:00:00,267047,268047,2026-05-28 18:20:00,268230,1183,0.443,11946627
973,2026-05-28 17:00:00,267047,269047,2026-05-28 18:29:00,269304,2257,0.8452,11948884
974,2026-05-28 19:06:00,267200,268200,2026-05-28 19:42:00,268778,1578,0.5906,11950462
975,2026-05-28 18:32:00,268219,269219,2026-05-28 19:43:00,269548,1329,0.4955,11951791
976,2026-05-28 17:00:00,267047,270047,2026-05-28 19:46:00,270116,3069,1.1492,11954860
977,2026-05-27 18:15:00,270200,271200,2026-05-28 21:03:00,271255,1055,0.3905,11955915
978,2026-05-27 16:11:00,271560,272560,2026-05-28 21:49:00,272631,1071,0.3944,11956986
979,2026-05-27 11:48:00,272621,273621,2026-05-28 22:15:00,273713,1092,0.4006,11958078
980,2026-05-29 09:01:00,272650,273650,2026-05-29 09:54:00,273658,1008,0.3697,11959086
981,2026-05-29 14:19:00,270198,271198,2026-05-29 14:38:00,271200,1002,0.3708,11960088
982,2026-05-29 13:37:00,271299,272299,2026-05-29 16:15:00,272337,1038,0.3826,11961126
983,2026-05-29 17:51:00,270254,271254,2026-05-29 18:21:00,271326,1072,0.3967,11962198
984,2026-05-29 19:54:00,270066,271066,2026-05-29 20:22:00,271282,1216,0.4503,11963414
985,2026-05-29 17:35:00,271300,272300,2026-05-29 20:37:00,272330,1030,0.3797,11964444
986,2026-05-29 11:08:00,272337,273337,2026-05-29 20:41:00,273496,1159,0.4256,11965603
987,2026-06-01 09:16:00,270102,271102,2026-06-01 09:30:00,271106,1004,0.3717,11966607
988,2026-05-29 23:29:00,271206,272206,2026-06-01 14:47:00,272482,1276,0.4705,11967883
989,2026-06-01 19:21:00,268085,269085,2026-06-01 20:58:00,269134,1049,0.3913,11968932
990,2026-06-01 18:57:00,269267,270267,2026-06-01 21:05:00,270310,1043,0.3873,11969975
991,2026-06-01 21:39:00,269233,270233,2026-06-01 23:01:00,270369,1136,0.4219,11971111
992,2026-06-01 18:50:00,270277,271277,2026-06-02 09:47:00,271638,1361,0.5036,11972472
993,2026-06-01 17:44:00,271336,272336,2026-06-02 10:31:00,272351,1015,0.3741,11973487
994,2026-05-29 20:50:00,272258,273258,2026-06-02 10:59:00,273266,1008,0.3702,11974495
995,2026-05-27 11:11:00,274252,275252,2026-06-02 11:05:00,275417,1165,0.4248,11975660
996,2026-06-02 11:22:00,274200,275200,2026-06-02 13:25:00,275268,1068,0.3895,11976728
997,2026-06-02 19:00:00,273060,274060,2026-06-02 19:10:00,274200,1140,0.4175,11977868
998,2026-06-02 19:51:00,272067,273067,2026-06-02 20:08:00,273200,1133,0.4164,11979001
999,2026-06-03 12:04:00,268753,269753,2026-06-03 12:40:00,269832,1079,0.4015,11980080
1000,2026-06-03 13:30:00,268767,269767,2026-06-03 15:38:00,270025,1258,0.4681,11981338
